/*
 * Chihiro AN2131 QC/SC Firmware Data — House of the Dead 3
 *
 * ic10_g24lc64.bin = QC (AN2131QC) I2C EEPROM, 8192 bytes
 * pc20_g24lc64.bin = SC (AN2131SC) I2C EEPROM, 8192 bytes
 * ic11_24lc024.bin = Baseboard config EEPROM, 128 bytes
 *
 * Source: MAME hotd3.zip ROM set
 * These are the AN2131 EZ-USB microcontroller firmware images
 * read by SEGABOOT via USB vendor request 0x16 + bulk IN.
 *
 * Region flag at ic10[0x1F00]: 0x01=JPN, 0x02=USA, 0x03=EXP
 * Serial at ic10[0x1F10]: 16 bytes, mask "%%%@-##@########"
 *
 * TODO: Load from disk alongside BIOS files instead of embedding.
 *       Different games have different firmware (region, serial, game ID).
 */

#ifndef CHIHIRO_FIRMWARE_H
#define CHIHIRO_FIRMWARE_H

#include <stdint.h>

/* hotd3_ic10_g24lc64: 8192 bytes from ic10_g24lc64.bin */
static const uint8_t hotd3_ic10_g24lc64[8192] = {
    0xB2, 0xA3, 0x0C, 0x02, 0x00, 0x08, 0x01, 0x03, 0xFF, 0x00, 0x00, 0x02, 0x1A, 0x3A, 0x02, 0x00,
    0x06, 0x05, 0x7E, 0xC2, 0x89, 0x32, 0x02, 0x14, 0xCE, 0xC0, 0xE0, 0xC0, 0x83, 0xC0, 0x82, 0xD2,
    0x0B, 0x12, 0x10, 0x36, 0x74, 0x01, 0xF0, 0xD0, 0x82, 0xD0, 0x83, 0xD0, 0xE0, 0x32, 0x02, 0x15,
    0x4F, 0xFF, 0x74, 0x00, 0x25, 0x1D, 0xF5, 0x82, 0xE4, 0x34, 0x20, 0xF5, 0x83, 0x22, 0x02, 0x00,
    0x36, 0x53, 0xD8, 0xEF, 0x32, 0x32, 0x02, 0x15, 0x8E, 0xD3, 0x22, 0xD3, 0x22, 0x32, 0x02, 0x14,
    0x00, 0xD3, 0x22, 0xD3, 0x22, 0x32, 0x02, 0x08, 0x00, 0xBB, 0x01, 0x06, 0x89, 0x82, 0x8A, 0x83,
    0xE0, 0x22, 0x50, 0x02, 0xE7, 0x22, 0xBB, 0xFE, 0x02, 0xE3, 0x22, 0x89, 0x82, 0x8A, 0x83, 0xE4,
    0x93, 0x22, 0xBB, 0x01, 0x0C, 0xE5, 0x82, 0x29, 0xF5, 0x82, 0xE5, 0x83, 0x3A, 0xF5, 0x83, 0xE0,
    0x22, 0x50, 0x06, 0xE9, 0x25, 0x82, 0xF8, 0xE6, 0x22, 0xBB, 0xFE, 0x06, 0xE9, 0x25, 0x82, 0xF8,
    0xE2, 0x22, 0xE5, 0x82, 0x29, 0xF5, 0x82, 0xE5, 0x83, 0x3A, 0xF5, 0x83, 0xE4, 0x93, 0x22, 0xBB,
    0x01, 0x09, 0x89, 0x82, 0x8A, 0x83, 0xF8, 0xE0, 0x28, 0xF0, 0x22, 0x50, 0x03, 0x27, 0xF7, 0x22,
    0xBB, 0xFE, 0x05, 0xF8, 0xE3, 0x28, 0xF3, 0x22, 0x8A, 0x83, 0x89, 0x82, 0xF8, 0xE4, 0x93, 0x28,
    0x22, 0xBB, 0x01, 0x06, 0x89, 0x82, 0x8A, 0x83, 0xF0, 0x22, 0x50, 0x02, 0xF7, 0x22, 0xBB, 0xFE,
    0x01, 0xF3, 0x22, 0xF8, 0xBB, 0x01, 0x0D, 0xE5, 0x82, 0x29, 0xF5, 0x82, 0xE5, 0x83, 0x3A, 0xF5,
    0x83, 0xE8, 0xF0, 0x22, 0x50, 0x06, 0xE9, 0x25, 0x82, 0xC8, 0xF6, 0x22, 0xBB, 0xFE, 0x05, 0xE9,
    0x25, 0x82, 0xC8, 0xF2, 0x22, 0xEF, 0x8D, 0xF0, 0xA4, 0xA8, 0xF0, 0xCF, 0x8C, 0xF0, 0xA4, 0x28,
    0xCE, 0x8D, 0xF0, 0xA4, 0x2E, 0xFE, 0x22, 0xC5, 0xF0, 0xF8, 0xA3, 0xE0, 0x28, 0xF0, 0xC5, 0xF0,
    0xF8, 0xE5, 0x82, 0x15, 0x82, 0x70, 0x02, 0x15, 0x83, 0xE0, 0x38, 0xF0, 0x22, 0xA3, 0xF8, 0xE0,
    0xC5, 0xF0, 0x25, 0xF0, 0xF0, 0xE5, 0x82, 0x15, 0x82, 0x70, 0x02, 0x15, 0x83, 0xE0, 0xC8, 0x38,
    0xF0, 0xE8, 0x22, 0xBB, 0x01, 0x0A, 0x89, 0x82, 0x8A, 0x83, 0xE0, 0xF5, 0xF0, 0xA3, 0xE0, 0x22,
    0x50, 0x06, 0x87, 0xF0, 0x09, 0xE7, 0x19, 0x22, 0xBB, 0xFE, 0x07, 0xE3, 0xF5, 0xF0, 0x09, 0xE3,
    0x19, 0x22, 0x89, 0x82, 0x8A, 0x83, 0xE4, 0x93, 0xF5, 0xF0, 0x74, 0x01, 0x93, 0x22, 0xBB, 0x01,
    0x10, 0xE5, 0x82, 0x29, 0xF5, 0x82, 0xE5, 0x83, 0x3A, 0xF5, 0x83, 0xE0, 0xF5, 0xF0, 0xA3, 0xE0,
    0x22, 0x50, 0x09, 0xE9, 0x25, 0x82, 0xF8, 0x86, 0xF0, 0x08, 0xE6, 0x22, 0xBB, 0xFE, 0x0A, 0xE9,
    0x25, 0x82, 0xF8, 0xE2, 0xF5, 0xF0, 0x08, 0xE2, 0x22, 0xE5, 0x83, 0x2A, 0xF5, 0x83, 0xE9, 0x93,
    0xF5, 0xF0, 0xA3, 0xE9, 0x93, 0x22, 0xBB, 0x01, 0x0D, 0xC5, 0x82, 0x29, 0xC5, 0x82, 0xC5, 0x83,
    0x3A, 0xC5, 0x83, 0x02, 0x00, 0xFC, 0x50, 0x11, 0xC5, 0x82, 0x29, 0xF8, 0x08, 0xE5, 0xF0, 0x26,
    0xF6, 0x18, 0xF5, 0xF0, 0xE5, 0x82, 0x36, 0xF6, 0x22, 0xBB, 0xFE, 0x11, 0xC5, 0x82, 0x29, 0xF8,
    0x08, 0xE2, 0x25, 0xF0, 0xF5, 0xF0, 0xF2, 0x18, 0xE2, 0x35, 0x82, 0xF2, 0x22, 0xF8, 0xE5, 0x82,
    0x29, 0xF5, 0x82, 0xE5, 0x83, 0x2A, 0xF5, 0x83, 0x74, 0x01, 0x93, 0x25, 0xF0, 0xF5, 0xF0, 0xE4,
    0x93, 0x38, 0x22, 0xF8, 0xBB, 0x01, 0x11, 0xE5, 0x82, 0x29, 0xF5, 0x82, 0xE5, 0x83, 0x3A, 0xF5,
    0x83, 0xE8, 0xF0, 0xE5, 0xF0, 0xA3, 0xF0, 0x22, 0x50, 0x09, 0xE9, 0x25, 0x82, 0xC8, 0xF6, 0x08,
    0xA6, 0xF0, 0x22, 0xBB, 0xFE, 0x09, 0xE9, 0x25, 0x82, 0xC8, 0xF2, 0xE5, 0xF0, 0x08, 0xF2, 0x22,
    0xEB, 0x9F, 0xF5, 0xF0, 0xEA, 0x9E, 0x42, 0xF0, 0xE9, 0x9D, 0x42, 0xF0, 0xE8, 0x9C, 0x45, 0xF0,
    0x22, 0xE0, 0xFC, 0xA3, 0xE0, 0xFD, 0xA3, 0xE0, 0xFE, 0xA3, 0xE0, 0xFF, 0x22, 0xEC, 0xF0, 0xA3,
    0xED, 0xF0, 0xA3, 0xEE, 0xF0, 0xA3, 0xEF, 0xF0, 0x22, 0xA4, 0x25, 0x82, 0xF5, 0x82, 0xE5, 0xF0,
    0x35, 0x83, 0xF5, 0x83, 0x22, 0xE0, 0xFB, 0xA3, 0xE0, 0xFA, 0xA3, 0xE0, 0xF9, 0x22, 0xF8, 0xE0,
    0xFB, 0xA3, 0xA3, 0xE0, 0xF9, 0x25, 0xF0, 0xF0, 0xE5, 0x82, 0x15, 0x82, 0x70, 0x02, 0x15, 0x83,
    0xE0, 0xFA, 0x38, 0xF0, 0x22, 0xEB, 0xF0, 0xA3, 0xEA, 0xF0, 0xA3, 0xE9, 0xF0, 0x22, 0xD0, 0x83,
    0xD0, 0x82, 0xF8, 0xE4, 0x93, 0x70, 0x12, 0x74, 0x01, 0x93, 0x70, 0x0D, 0xA3, 0xA3, 0x93, 0xF8,
    0x74, 0x01, 0x93, 0xF5, 0x82, 0x88, 0x83, 0xE4, 0x73, 0x74, 0x02, 0x93, 0x68, 0x60, 0xEF, 0xA3,
    0xA3, 0xA3, 0x80, 0xDF, 0x8A, 0x83, 0x89, 0x82, 0xE4, 0x73, 0xE5, 0x7C, 0x25, 0x82, 0xF5, 0x82,
    0xE5, 0x7B, 0x35, 0x83, 0xF5, 0x83, 0xB5, 0x7B, 0x04, 0x85, 0x82, 0x7C, 0x22, 0x10, 0xAF, 0x06,
    0x85, 0x82, 0x7C, 0xF5, 0x7B, 0x22, 0x85, 0x82, 0x7C, 0xF5, 0x7B, 0xD2, 0xAF, 0x22, 0xE5, 0x7C,
    0x25, 0x82, 0xF5, 0x82, 0xE5, 0x7B, 0x35, 0x83, 0xF5, 0x83, 0x22, 0x90, 0x7F, 0xE9, 0xE0, 0x12,
    0x02, 0x63, 0x03, 0x45, 0x00, 0x03, 0x87, 0x01, 0x03, 0xCF, 0x03, 0x02, 0xE3, 0x06, 0x03, 0x40,
    0x08, 0x03, 0x3B, 0x09, 0x03, 0x31, 0x0A, 0x03, 0x36, 0x0B, 0x00, 0x00, 0x03, 0xFD, 0x12, 0x00,
    0x46, 0x40, 0x02, 0x81, 0x09, 0x90, 0x7F, 0xEB, 0xE0, 0x24, 0xFE, 0x60, 0x11, 0x14, 0x60, 0x22,
    0x24, 0x02, 0x70, 0x36, 0xE5, 0x6F, 0x90, 0x7F, 0xD4, 0xF0, 0xE5, 0x70, 0x80, 0x24, 0x90, 0x7F,
    0xEA, 0xE0, 0xFF, 0x12, 0x10, 0xB8, 0x12, 0x0F, 0x1A, 0x60, 0x1D, 0x12, 0x0F, 0x29, 0x80, 0x12,
    0x81, 0x02, 0x90, 0x7F, 0xEA, 0xE0, 0xFF, 0x12, 0x17, 0x21, 0x12, 0x0F, 0x1A, 0x60, 0x09, 0x12,
    0x0F, 0x29, 0x90, 0x7F, 0xD5, 0xF0, 0x81, 0x09, 0x81, 0x02, 0x81, 0x02, 0x12, 0x1A, 0x8E, 0x81,
    0x09, 0x12, 0x1A, 0x51, 0x81, 0x09, 0x12, 0x17, 0xF6, 0x81, 0x09, 0x12, 0x1A, 0x87, 0x81, 0x09,
    0x12, 0x00, 0x48, 0x40, 0x02, 0x81, 0x09, 0x90, 0x7F, 0xE8, 0xE0, 0x24, 0x7F, 0x60, 0x15, 0x14,
    0x60, 0x19, 0x24, 0x02, 0x70, 0x2A, 0xA2, 0x0A, 0xE4, 0x33, 0x25, 0xE0, 0xFF, 0xA2, 0x0C, 0xE4,
    0x33, 0x4F, 0x80, 0x0D, 0xE4, 0x90, 0x7F, 0x00, 0xF0, 0x80, 0x0B, 0x12, 0x0E, 0xED, 0xE0, 0x54,
    0x01, 0x90, 0x7F, 0x00, 0xF0, 0xE4, 0xA3, 0xF0, 0x90, 0x7F, 0xB5, 0x74, 0x02, 0xF0, 0x81, 0x09,
    0x81, 0x02, 0x12, 0x1A, 0xA3, 0x50, 0x7D, 0x90, 0x7F, 0xE8, 0xE0, 0x24, 0xFE, 0x60, 0x11, 0x24,
    0x02, 0x70, 0x71, 0x90, 0x7F, 0xEA, 0xE0, 0xB4, 0x01, 0x04, 0xC2, 0x0A, 0x81, 0x09, 0x81, 0x02,
    0x90, 0x7F, 0xEA, 0xE0, 0x70, 0x22, 0x12, 0x0E, 0xED, 0xE4, 0xF0, 0x90, 0x7F, 0xEC, 0xE0, 0x54,
    0x80, 0x13, 0x13, 0x13, 0x54, 0x1F, 0xFF, 0xE0, 0x54, 0x07, 0x2F, 0x90, 0x7F, 0xD7, 0xF0, 0xE4,
    0xF5, 0x4A, 0xE0, 0x44, 0x20, 0xF0, 0x80, 0x3C, 0x80, 0x33, 0x12, 0x1A, 0xA5, 0x50, 0x35, 0x90,
    0x7F, 0xE8, 0xE0, 0x24, 0xFE, 0x60, 0x11, 0x24, 0x02, 0x70, 0x29, 0x90, 0x7F, 0xEA, 0xE0, 0xB4,
    0x01, 0x04, 0xD2, 0x0A, 0x80, 0x1E, 0x80, 0x15, 0x90, 0x7F, 0xEA, 0xE0, 0x70, 0x08, 0x12, 0x0E,
    0xED, 0x74, 0x01, 0xF0, 0x80, 0x0E, 0x80, 0x05, 0x12, 0x06, 0x03, 0xFF, 0x03, 0xFF, 0x9B, 0x50,
    0x07, 0x90, 0x7F, 0xB4, 0xE0, 0x44, 0x01, 0xF0, 0x90, 0x7F, 0xB4, 0xE0, 0x44, 0x02, 0xF0, 0x22,
    0x90, 0x7F, 0x00, 0xE5, 0x08, 0xF0, 0xE5, 0x08, 0x60, 0x02, 0xA1, 0x59, 0x7B, 0x01, 0x7A, 0xB0,
    0x79, 0x00, 0x90, 0x21, 0x60, 0x12, 0x02, 0x5A, 0x12, 0x0C, 0x2F, 0xE4, 0x12, 0x00, 0xB6, 0x90,
    0x21, 0x60, 0x12, 0x0C, 0x33, 0xE5, 0x17, 0x12, 0x00, 0xB6, 0x90, 0x21, 0x57, 0xE4, 0xF0, 0xA3,
    0x74, 0x02, 0xF0, 0xA3, 0xE4, 0xF0, 0xA3, 0x74, 0x02, 0xF0, 0xE4, 0x90, 0x21, 0x5C, 0xF0, 0x90,
    0x21, 0x5C, 0xE0, 0xFF, 0xC3, 0x95, 0x17, 0x40, 0x02, 0x81, 0xEA, 0x74, 0x8A, 0x2F, 0x12, 0x0C,
    0x6D, 0xE0, 0xFF, 0x90, 0x21, 0x5B, 0xF0, 0x12, 0x0C, 0x52, 0x90, 0x21, 0x5D, 0x12, 0x02, 0x5A,
    0x90, 0x21, 0x5B, 0xE0, 0xFF, 0x12, 0x0C, 0x46, 0xE0, 0xFC, 0xA3, 0xE0, 0xFD, 0x24, 0x04, 0xFB,
    0xE4, 0x3C, 0x90, 0x21, 0x57, 0x8B, 0xF0, 0x12, 0x00, 0xFC, 0x90, 0x21, 0x57, 0xE0, 0xFA, 0xA3,
    0xE0, 0xFB, 0xD3, 0x94, 0x00, 0xEA, 0x94, 0x04, 0x50, 0x4F, 0x90, 0x21, 0x59, 0xEA, 0xF0, 0xA3,
    0xEB, 0xF0, 0x12, 0x0C, 0x2F, 0xEF, 0x12, 0x00, 0xB6, 0x90, 0x21, 0x5D, 0x12, 0x0C, 0x32, 0x12,
    0x00, 0x4E, 0x12, 0x0C, 0x2E, 0xEF, 0x12, 0x00, 0xB6, 0xAF, 0x05, 0x12, 0x0C, 0x2F, 0xEF, 0x12,
    0x00, 0xB6, 0xEC, 0x80, 0x13, 0xED, 0x1D, 0xAE, 0x04, 0x70, 0x01, 0x1C, 0x4E, 0x60, 0x12, 0x90,
    0x21, 0x5D, 0x12, 0x0C, 0x32, 0x12, 0x00, 0x4E, 0x12, 0x0C, 0x2E, 0xEF, 0x12, 0x00, 0xB6, 0x80,
    0xE4, 0x90, 0x21, 0x5C, 0xE0, 0x04, 0xF0, 0x81, 0x50, 0x90, 0x21, 0x59, 0xE0, 0xFE, 0xA3, 0xE0,
    0xFF, 0x90, 0x21, 0x57, 0xE0, 0x6E, 0x70, 0x03, 0xA3, 0xE0, 0x6F, 0x60, 0x0E, 0x90, 0x21, 0x57,
    0xEE, 0xF0, 0xA3, 0xEF, 0xF0, 0x90, 0xB0, 0x00, 0x74, 0x01, 0xF0, 0x90, 0x21, 0x57, 0xE0, 0xFC,
    0xA3, 0xE0, 0x90, 0x7F, 0x04, 0xF0, 0xEC, 0xA3, 0xF0, 0x7F, 0xBC, 0x90, 0x21, 0x17, 0x74, 0x7F,
    0xF0, 0xA3, 0x74, 0xBC, 0xF0, 0x0F, 0xA3, 0x74, 0x7F, 0xF0, 0xA3, 0xEF, 0xF0, 0xA3, 0x74, 0xB0,
    0xF0, 0xA3, 0x74, 0x00, 0xF0, 0xA3, 0x74, 0x7D, 0xF0, 0xA3, 0x74, 0x00, 0xF0, 0x90, 0x21, 0x57,
    0xE0, 0xFF, 0xA3, 0xE0, 0x90, 0x21, 0x1F, 0xCF, 0xF0, 0xA3, 0xEF, 0xF0, 0xE4, 0xA3, 0xF0, 0x75,
    0x30, 0xFF, 0x75, 0x31, 0x18, 0x75, 0x32, 0xEF, 0x22, 0xC2, 0xAF, 0xE4, 0xF5, 0xA8, 0xF5, 0xE8,
    0x90, 0x7F, 0x95, 0x74, 0xE7, 0xF0, 0xE4, 0x90, 0x7F, 0x98, 0xF0, 0x90, 0x7F, 0x9E, 0x74, 0x08,
    0xF0, 0xC2, 0x0D, 0xC2, 0x0A, 0xC2, 0x0C, 0xC2, 0x0B, 0x12, 0x15, 0xCD, 0x12, 0x18, 0xD6, 0x12,
    0x1A, 0x1E, 0x12, 0x0F, 0x4F, 0x12, 0x1A, 0x7F, 0x12, 0x16, 0xF4, 0xD2, 0xAF, 0x12, 0x15, 0x0F,
    0x7E, 0x0B, 0x7F, 0x7A, 0x8E, 0x6F, 0x8F, 0x70, 0x75, 0x71, 0x0B, 0x75, 0x72, 0x8C, 0x75, 0x73,
    0x0B, 0x75, 0x74, 0xE4, 0xEE, 0x54, 0xE0, 0x70, 0x02, 0xC1, 0x64, 0x90, 0x21, 0x50, 0xE4, 0xF0,
    0xA3, 0x74, 0x80, 0xF0, 0xA3, 0xEE, 0xF0, 0xA3, 0xEF, 0xF0, 0xC3, 0x74, 0x00, 0x9F, 0xFF, 0x74,
    0x0C, 0x9E, 0xCF, 0x24, 0x02, 0xCF, 0x34, 0x00, 0xFE, 0xE4, 0xFC, 0xFD, 0x90, 0x21, 0x4C, 0x12,
    0x02, 0x22, 0x12, 0x0F, 0x45, 0x12, 0x0F, 0x08, 0x50, 0x21, 0x90, 0x21, 0x50, 0xE0, 0xFC, 0xA3,
    0xE0, 0x25, 0x47, 0xF5, 0x82, 0xEC, 0x35, 0x46, 0xF5, 0x83, 0x74, 0xCD, 0xF0, 0xE5, 0x47, 0x24,
    0x01, 0xF5, 0x47, 0xE4, 0x35, 0x46, 0x12, 0x0F, 0x38, 0x80, 0xDA, 0x12, 0x0F, 0x45, 0x12, 0x0F,
    0x08, 0x50, 0x30, 0xAE, 0x46, 0xAF, 0x47, 0x90, 0x21, 0x52, 0xE0, 0xFC, 0xA3, 0xE0, 0x2F, 0xF5,
    0x82, 0xEC, 0x3E, 0xF5, 0x83, 0xE0, 0xFD, 0x90, 0x21, 0x50, 0xE0, 0xFA, 0xA3, 0xE0, 0x2F, 0xF5,
    0x82, 0xEA, 0x3E, 0xF5, 0x83, 0xED, 0xF0, 0xEF, 0x24, 0x01, 0xF5, 0x47, 0xE4, 0x3E, 0x12, 0x0F,
    0x38, 0x80, 0xCB, 0x90, 0x21, 0x50, 0xE0, 0xF5, 0x6F, 0xA3, 0xE0, 0xF5, 0x70, 0x74, 0x7A, 0x24,
    0x80, 0xF5, 0x49, 0x74, 0x0B, 0x34, 0xFF, 0xF5, 0x48, 0xC3, 0xE5, 0x72, 0x95, 0x49, 0xF5, 0x72,
    0xE5, 0x71, 0x95, 0x48, 0xF5, 0x71, 0xC3, 0xE5, 0x74, 0x95, 0x49, 0xF5, 0x74, 0xE5, 0x73, 0x95,
    0x48, 0xF5, 0x73, 0xD2, 0xE8, 0x43, 0xD8, 0x20, 0x90, 0x7F, 0xAF, 0xE0, 0x44, 0x01, 0xF0, 0x90,
    0x7F, 0xAE, 0xE0, 0x44, 0x1D, 0xF0, 0xD2, 0x88, 0xD2, 0xAF, 0xD2, 0x11, 0x12, 0x14, 0x48, 0x53,
    0x8E, 0xF8, 0xE5, 0x8E, 0x54, 0xF8, 0x44, 0x01, 0xF5, 0x8E, 0xE4, 0xF5, 0x7D, 0x30, 0x0B, 0x05,
    0x12, 0x02, 0xC0, 0xC2, 0x0B, 0x12, 0x16, 0xC6, 0x80, 0xF3, 0x90, 0x7F, 0xE9, 0xE0, 0xF5, 0x39,
    0xA3, 0xE0, 0x75, 0x3A, 0x00, 0xF5, 0x3B, 0xA3, 0xE0, 0xFE, 0xEE, 0x42, 0x3A, 0xA3, 0xE0, 0x75,
    0x23, 0x00, 0xF5, 0x24, 0xA3, 0xE0, 0xFE, 0xEE, 0x42, 0x23, 0xE4, 0x90, 0x7F, 0x00, 0xF0, 0x90,
    0x7F, 0x04, 0xF0, 0xA3, 0xF0, 0xA3, 0xF0, 0xA3, 0xF0, 0x90, 0x7F, 0x99, 0xE0, 0x90, 0x7F, 0x01,
    0xF0, 0x90, 0x7F, 0x9A, 0xE0, 0x90, 0x7F, 0x02, 0xF0, 0x90, 0x7F, 0x97, 0xE0, 0x90, 0x7F, 0x03,
    0xF0, 0xE5, 0x39, 0xB4, 0x1D, 0x0C, 0xAB, 0x24, 0xAA, 0x23, 0xAD, 0x3B, 0xAC, 0x3A, 0x7F, 0x01,
    0x80, 0x0F, 0xE5, 0x39, 0xB4, 0x1E, 0x0F, 0xAB, 0x24, 0xAA, 0x23, 0xAD, 0x3B, 0xAC, 0x3A, 0xE4,
    0xFF, 0x12, 0x0E, 0x0B, 0xE1, 0xAF, 0xE5, 0x39, 0xB4, 0x1F, 0x0D, 0xAC, 0x23, 0xAD, 0x24, 0xAE,
    0x3A, 0xAF, 0x3B, 0x12, 0x17, 0x73, 0xE1, 0xAF, 0xE5, 0x39, 0xB4, 0x20, 0x09, 0xAF, 0x24, 0xAE,
    0x23, 0x12, 0x19, 0x4B, 0xE1, 0xAF, 0xE5, 0x39, 0xB4, 0x24, 0x07, 0xAF, 0x3B, 0x12, 0x18, 0x53,
    0x80, 0x7C, 0xE5, 0x39, 0xB4, 0x16, 0x0A, 0xAB, 0x24, 0xAD, 0x3B, 0xAC, 0x3A, 0x7F, 0x01, 0x80,
    0x0D, 0xE5, 0x39, 0xB4, 0x17, 0x0D, 0xAB, 0x24, 0xAD, 0x3B, 0xAC, 0x3A, 0xE4, 0xFF, 0x12, 0x0E,
    0x83, 0x80, 0x5B, 0xE5, 0x39, 0xB4, 0x18, 0x0D, 0xAC, 0x23, 0xAD, 0x24, 0xAE, 0x3A, 0xAF, 0x3B,
    0x12, 0x11, 0x6B, 0x80, 0x49, 0xE5, 0x39, 0xB4, 0x19, 0x05, 0x12, 0x04, 0x11, 0x80, 0x3F, 0xE5,
    0x39, 0xB4, 0x1C, 0x09, 0xAF, 0x3B, 0xAD, 0x24, 0x12, 0x14, 0x8B, 0x80, 0x31, 0xE5, 0x39, 0x64,
    0x30, 0x70, 0x25, 0x90, 0x7F, 0xEA, 0xE0, 0x70, 0x04, 0xC2, 0xA8, 0x80, 0x0D, 0x90, 0x7F, 0xEA,
    0xE0, 0xD3, 0x64, 0x80, 0x94, 0x80, 0x40, 0x02, 0xD2, 0xA8, 0xA2, 0xA8, 0xE4, 0x33, 0x90, 0x7F,
    0x04, 0xF0, 0xA3, 0xE5, 0x7E, 0xF0, 0x80, 0x06, 0x90, 0x7F, 0x00, 0x74, 0x99, 0xF0, 0x90, 0x7F,
    0xB5, 0x74, 0x08, 0xF0, 0x90, 0x7F, 0xB4, 0xE0, 0x20, 0xE2, 0xF9, 0xC3, 0x22, 0x90, 0x21, 0x44,
    0x12, 0x02, 0x5A, 0xAE, 0x07, 0x1F, 0xEE, 0x60, 0x22, 0x90, 0x21, 0x44, 0x12, 0x0C, 0x32, 0x12,
    0x00, 0x4E, 0xFE, 0x74, 0x00, 0x25, 0x13, 0xF5, 0x82, 0x74, 0xB0, 0x35, 0x12, 0xF5, 0x83, 0xEE,
    0xF0, 0x05, 0x13, 0xE5, 0x13, 0x70, 0xDC, 0x05, 0x12, 0x80, 0xD8, 0xE5, 0x0B, 0xB5, 0x13, 0x0E,
    0xE5, 0x0A, 0xB5, 0x12, 0x09, 0x75, 0x30, 0xFF, 0x75, 0x31, 0x0A, 0x75, 0x32, 0x03, 0xFF, 0x07,
    0xFE, 0x0A, 0x22, 0xC0, 0xE0, 0xC0, 0x83, 0xC0, 0x82, 0xC0, 0xD0, 0x75, 0xD0, 0x00, 0xC0, 0x00,
    0xC0, 0x07, 0xD2, 0x13, 0x85, 0x52, 0x57, 0x90, 0x7F, 0xA5, 0xE0, 0x30, 0xE2, 0x05, 0x75, 0x52,
    0xFF, 0x01, 0xF4, 0x90, 0x7F, 0xA5, 0xE0, 0x20, 0xE1, 0x0B, 0xE5, 0x52, 0x64, 0x03, 0x60, 0x05,
    0x75, 0x52, 0x07, 0x01, 0xF4, 0xE5, 0x52, 0x12, 0x02, 0x63, 0x08, 0x5C, 0x02, 0x08, 0x74, 0x03,
    0x08, 0xD5, 0x10, 0x08, 0xEE, 0x11, 0x08, 0x9A, 0x21, 0x08, 0xA1, 0x31, 0x08, 0xA3, 0x32, 0x08,
    0xAE, 0x40, 0x08, 0xBC, 0x51, 0x08, 0xA1, 0x62, 0x08, 0xCA, 0x63, 0x00, 0x00, 0x08, 0xF4, 0x12,
    0x11, 0x37, 0xEF, 0xF0, 0x05, 0x52, 0xE5, 0x51, 0x64, 0x01, 0x60, 0x02, 0x01, 0xF4, 0x90, 0x7F,
    0xA5, 0xE0, 0x44, 0x20, 0xF0, 0x01, 0xF4, 0xE5, 0x51, 0x24, 0xFE, 0xB5, 0x53, 0x09, 0x90, 0x7F,
    0xA5, 0xE0, 0x44, 0x20, 0xF0, 0x80, 0x0D, 0xE5, 0x51, 0x14, 0xB5, 0x53, 0x07, 0x12, 0x11, 0x5A,
    0xF0, 0x75, 0x52, 0x0A, 0x12, 0x11, 0x37, 0xEF, 0xF0, 0x05, 0x53, 0x80, 0x5A, 0x90, 0x7F, 0xA6,
    0xE5, 0x4E, 0x80, 0x07, 0x80, 0x20, 0xE5, 0x4E, 0x90, 0x7F, 0xA6, 0xF0, 0x75, 0x52, 0x40, 0x80,
    0x46, 0x12, 0x11, 0x12, 0x44, 0x01, 0x90, 0x7F, 0xA6, 0xF0, 0x75, 0x52, 0x02, 0x80, 0x38, 0x90,
    0x7F, 0xA6, 0xE5, 0x4E, 0x80, 0x0C, 0xE5, 0x4D, 0x90, 0x7F, 0xA6, 0x80, 0x27, 0xE5, 0x4E, 0x90,
    0x7F, 0xA6, 0xF0, 0x75, 0x52, 0x10, 0x80, 0x1F, 0xAF, 0x53, 0x05, 0x53, 0xE5, 0x5A, 0x2F, 0x12,
    0x11, 0x40, 0xE0, 0x90, 0x7F, 0xA6, 0xF0, 0xE5, 0x53, 0xB5, 0x51, 0x0B, 0x75, 0x52, 0x11, 0x80,
    0x06, 0x12, 0x11, 0x5A, 0xF0, 0x05, 0x52, 0x53, 0x91, 0xDF, 0xC2, 0x13, 0xD0, 0x07, 0xD0, 0x00,
    0xD0, 0xD0, 0xD0, 0x82, 0xD0, 0x83, 0xD0, 0xE0, 0x32, 0xE5, 0xC0, 0x20, 0xE0, 0x02, 0x21, 0x9D,
    0xE4, 0xF5, 0x14, 0x53, 0xC0, 0xFE, 0xE5, 0x08, 0xC3, 0x94, 0x06, 0x50, 0x02, 0x21, 0x9D, 0xE5,
    0x08, 0xD3, 0x94, 0x0C, 0x50, 0x7A, 0x12, 0x0C, 0x81, 0xE5, 0xC1, 0x12, 0x00, 0xB6, 0xE5, 0x08,
    0x24, 0xF8, 0x60, 0x0D, 0x14, 0x60, 0x0E, 0x14, 0x60, 0x12, 0x14, 0x60, 0x30, 0x24, 0x04, 0x70,
    0x36, 0x05, 0x08, 0x80, 0x32, 0x85, 0xC1, 0x09, 0x05, 0x08, 0x80, 0x2B, 0x12, 0x0C, 0x81, 0x12,
    0x00, 0x4E, 0xB4, 0xD0, 0x14, 0x05, 0x08, 0x90, 0xB4, 0x43, 0x74, 0xFF, 0xF5, 0xF0, 0x12, 0x00,
    0xFC, 0xE5, 0x0F, 0x15, 0x0F, 0x70, 0x02, 0x15, 0x0E, 0x15, 0x09, 0x80, 0x0A, 0x15, 0x08, 0x12,
    0x0C, 0x81, 0x74, 0x01, 0x12, 0x00, 0x94, 0x90, 0xB4, 0x43, 0x12, 0x0C, 0x66, 0x05, 0x0F, 0xE5,
    0x0F, 0x70, 0x02, 0x05, 0x0E, 0xE5, 0x08, 0xC3, 0x94, 0x0A, 0x40, 0x14, 0xE5, 0x09, 0x70, 0x10,
    0xE5, 0x08, 0x64, 0x0B, 0x60, 0x0A, 0x75, 0x08, 0x0C, 0x90, 0x7F, 0x97, 0xE0, 0x44, 0x10, 0xF0,
    0xE5, 0xC0, 0x30, 0xE1, 0x67, 0xE4, 0xF5, 0x14, 0x53, 0xC0, 0xFD, 0xE5, 0x08, 0xC3, 0x94, 0x03,
    0x40, 0x5A, 0xE5, 0x08, 0xD3, 0x94, 0x05, 0x50, 0x53, 0xC3, 0xE5, 0x11, 0x95, 0x0D, 0xE5, 0x10,
    0x95, 0x0C, 0x50, 0x29, 0x12, 0x0C, 0x39, 0xFF, 0x64, 0xE0, 0x60, 0x04, 0xEF, 0xB4, 0xD0, 0x09,
    0x75, 0xC1, 0xD0, 0x12, 0x0C, 0x39, 0x14, 0xF0, 0x22, 0x12, 0x0C, 0x39, 0xF5, 0xC1, 0x90, 0xB4,
    0x40, 0x12, 0x0C, 0x66, 0x05, 0x11, 0xE5, 0x11, 0x70, 0x02, 0x05, 0x10, 0x22, 0xE5, 0x11, 0xB5,
    0x0D, 0x1A, 0xE5, 0x10, 0xB5, 0x0C, 0x15, 0x75, 0x08, 0x07, 0x90, 0xE4, 0x85, 0x12, 0x0C, 0x3C,
    0x70, 0x03, 0x75, 0x08, 0x0C, 0x90, 0x7F, 0x97, 0xE0, 0x54, 0xEF, 0xF0, 0x22, 0x90, 0x21, 0x47,
    0x74, 0xB0, 0xF0, 0xA3, 0x74, 0x00, 0xF0, 0x12, 0x0C, 0x1D, 0xF5, 0x1B, 0x12, 0x0C, 0x1D, 0xF5,
    0x3E, 0xE4, 0xF5, 0x18, 0xF5, 0x1A, 0x85, 0x3E, 0x17, 0xF5, 0x42, 0xE5, 0x42, 0xC3, 0x95, 0x3E,
    0x40, 0x02, 0x41, 0xDC, 0x90, 0x21, 0x47, 0xE0, 0xFE, 0xA3, 0xE0, 0xFF, 0xF5, 0x82, 0x8E, 0x83,
    0xA3, 0xA3, 0xE0, 0xF5, 0x3F, 0x8F, 0x82, 0x8E, 0x83, 0xA3, 0xA3, 0xA3, 0xE0, 0xF5, 0x40, 0x24,
    0x03, 0xF5, 0x3D, 0xE4, 0x33, 0xF5, 0x3C, 0xE5, 0x3F, 0xB4, 0xFF, 0x03, 0xE4, 0xF5, 0x3F, 0xAF,
    0x3F, 0x7E, 0x00, 0x7C, 0x01, 0x7D, 0x80, 0x12, 0x00, 0xEA, 0x74, 0x00, 0x2F, 0xF9, 0x74, 0x80,
    0x3E, 0xFA, 0x7B, 0x01, 0x90, 0x21, 0x49, 0x12, 0x02, 0x5A, 0x74, 0x8A, 0x25, 0x42, 0x12, 0x0C,
    0x6D, 0xE5, 0x3F, 0xF0, 0x15, 0x40, 0xE4, 0xF5, 0x41, 0x90, 0x21, 0x47, 0x75, 0xF0, 0x01, 0x12,
    0x01, 0x12, 0x85, 0xF0, 0x82, 0xF5, 0x83, 0x12, 0x0C, 0x0D, 0xFF, 0x90, 0x21, 0x49, 0x12, 0x0C,
    0x32, 0xEF, 0x12, 0x00, 0xB6, 0x12, 0x0C, 0x02, 0x25, 0x41, 0xF5, 0x41, 0x80, 0x07, 0xAF, 0x40,
    0x15, 0x40, 0xEF, 0x60, 0x09, 0x12, 0x0C, 0x02, 0x25, 0x41, 0xF5, 0x41, 0x80, 0xF0, 0x90, 0x21,
    0x49, 0x12, 0x0C, 0x32, 0xE5, 0x41, 0x12, 0x00, 0xB6, 0x90, 0x21, 0x47, 0x12, 0x0C, 0x66, 0xE5,
    0x3F, 0x12, 0x0C, 0x75, 0xE5, 0x3C, 0xF0, 0xA3, 0xE5, 0x3D, 0xF0, 0x05, 0x42, 0x41, 0x28, 0x75,
    0x30, 0xFF, 0x75, 0x31, 0x0A, 0x75, 0x32, 0xE6, 0x22, 0x74, 0x8A, 0x25, 0x18, 0x12, 0x0C, 0x6D,
    0xE0, 0xF5, 0x19, 0xF5, 0x43, 0xE4, 0xF5, 0x10, 0xF5, 0x11, 0xF5, 0x0E, 0xF5, 0x0F, 0xE5, 0x43,
    0x12, 0x0C, 0x75, 0xE0, 0xF5, 0x0C, 0xA3, 0xE0, 0xF5, 0x0D, 0x75, 0xF0, 0x80, 0xE5, 0x43, 0x90,
    0x80, 0x00, 0x12, 0x02, 0x2E, 0xE5, 0x43, 0x25, 0x83, 0xAF, 0x82, 0x90, 0xB4, 0x40, 0xF0, 0xA3,
    0xEF, 0xF0, 0xAF, 0x43, 0x12, 0x0C, 0x52, 0xA3, 0x12, 0x02, 0x5A, 0x90, 0xB4, 0x40, 0xE0, 0xFF,
    0xA3, 0xE0, 0x90, 0xE4, 0x85, 0xCF, 0xF0, 0xA3, 0xEF, 0xF0, 0xA3, 0x12, 0x02, 0x5A, 0x90, 0xB4,
    0x40, 0x12, 0x0C, 0x66, 0x90, 0xB4, 0x42, 0x12, 0x0C, 0x32, 0xE4, 0x12, 0x00, 0xB6, 0xE5, 0x43,
    0x12, 0x0C, 0x46, 0xE4, 0xF0, 0xA3, 0xF0, 0xF5, 0x14, 0x75, 0x08, 0x03, 0x90, 0x7F, 0x97, 0xE0,
    0x44, 0x10, 0xF0, 0x90, 0xB4, 0x40, 0x12, 0x0C, 0x20, 0xF5, 0xC1, 0x05, 0x11, 0xE5, 0x11, 0x70,
    0x02, 0x05, 0x10, 0x75, 0x30, 0xFF, 0x75, 0x31, 0x16, 0x75, 0x32, 0x97, 0x22, 0x12, 0x01, 0x00,
    0x01, 0x60, 0x00, 0x00, 0x40, 0xA3, 0x0C, 0x02, 0x00, 0x08, 0x01, 0x01, 0x02, 0x00, 0x01, 0x09,
    0x02, 0x58, 0x00, 0x01, 0x01, 0x00, 0x80, 0x96, 0x09, 0x04, 0x00, 0x00, 0x0A, 0xFF, 0x00, 0x00,
    0x00, 0x07, 0x05, 0x01, 0x02, 0x40, 0x00, 0x00, 0x07, 0x05, 0x02, 0x02, 0x40, 0x00, 0x00, 0x07,
    0x05, 0x03, 0x02, 0x40, 0x00, 0x00, 0x07, 0x05, 0x04, 0x02, 0x40, 0x00, 0x00, 0x07, 0x05, 0x05,
    0x02, 0x40, 0x00, 0x00, 0x07, 0x05, 0x81, 0x02, 0x40, 0x00, 0x00, 0x07, 0x05, 0x82, 0x02, 0x40,
    0x00, 0x00, 0x07, 0x05, 0x83, 0x02, 0x40, 0x00, 0x00, 0x07, 0x05, 0x84, 0x02, 0x40, 0x00, 0x00,
    0x07, 0x05, 0x85, 0x02, 0x40, 0x00, 0x00, 0x04, 0x03, 0x00, 0x00, 0x0A, 0x03, 0x53, 0x00, 0x45,
    0x00, 0x47, 0x00, 0x41, 0x00, 0x0E, 0x03, 0x42, 0x00, 0x41, 0x00, 0x53, 0x00, 0x45, 0x00, 0x42,
    0x03, 0xFF, 0x0B, 0xFD, 0x00, 0x44, 0x00, 0x00, 0x00, 0x90, 0x21, 0x47, 0xE0, 0xFE, 0xA3, 0xE0,
    0xF5, 0x82, 0x8E, 0x83, 0xE0, 0xFF, 0x90, 0x21, 0x49, 0xE4, 0x75, 0xF0, 0x01, 0x12, 0x02, 0x43,
    0xEF, 0x12, 0x00, 0xB6, 0x90, 0x21, 0x47, 0xE4, 0x75, 0xF0, 0x01, 0x12, 0x01, 0x12, 0x85, 0xF0,
    0x82, 0xF5, 0x83, 0xE0, 0x22, 0xFF, 0x90, 0x21, 0x60, 0xE4, 0x75, 0xF0, 0x01, 0x02, 0x02, 0x43,
    0x90, 0xB4, 0x40, 0xE0, 0xFE, 0xA3, 0xE0, 0xF5, 0x82, 0x8E, 0x83, 0xE0, 0x22, 0x25, 0xE0, 0x24,
    0x45, 0xF5, 0x82, 0xE4, 0x34, 0xE4, 0xF5, 0x83, 0x22, 0x7E, 0x00, 0x7C, 0x01, 0x7D, 0x80, 0x12,
    0x00, 0xEA, 0x74, 0x45, 0x2F, 0xF9, 0x74, 0xB4, 0x3E, 0xFA, 0x7B, 0x01, 0x22, 0xE4, 0x75, 0xF0,
    0x01, 0x02, 0x00, 0xFC, 0xF5, 0x82, 0xE4, 0x34, 0xE4, 0xF5, 0x83, 0x22, 0x25, 0xE0, 0x24, 0x00,
    0xF5, 0x82, 0xE4, 0x34, 0xB4, 0xF5, 0x83, 0x22, 0x90, 0xB4, 0x42, 0x02, 0x02, 0x3A, 0x90, 0x00,
    0x0A, 0x12, 0x00, 0x67, 0x60, 0x02, 0xC3, 0x22, 0x12, 0x01, 0x28, 0xF5, 0x82, 0x85, 0xF0, 0x83,
    0xE0, 0x20, 0xE1, 0xF4, 0x12, 0x10, 0x0C, 0x40, 0x0A, 0x75, 0x38, 0x40, 0x12, 0x10, 0x51, 0xC2,
    0x12, 0x80, 0x0D, 0x8F, 0x38, 0x90, 0x00, 0x08, 0xE4, 0xF5, 0xF0, 0x12, 0x01, 0xD8, 0xD2, 0x12,
    0x85, 0x38, 0x28, 0x90, 0x00, 0x04, 0x12, 0x01, 0x53, 0x85, 0xF0, 0x29, 0xF5, 0x2A, 0x90, 0x00,
    0x06, 0x12, 0x01, 0x53, 0x85, 0xF0, 0x2B, 0xF5, 0x2C, 0xAF, 0x28, 0x15, 0x28, 0xEF, 0x60, 0x24,
    0x05, 0x2A, 0xE5, 0x2A, 0xAE, 0x29, 0x70, 0x02, 0x05, 0x29, 0x14, 0xF5, 0x82, 0x8E, 0x83, 0xE0,
    0xFF, 0x05, 0x2C, 0xE5, 0x2C, 0xAC, 0x2B, 0x70, 0x02, 0x05, 0x2B, 0x14, 0xF5, 0x82, 0x8C, 0x83,
    0xEF, 0xF0, 0x80, 0xD5, 0xE5, 0x29, 0x85, 0x2A, 0xF0, 0x12, 0x10, 0x24, 0xE5, 0x38, 0xF0, 0xA2,
    0x12, 0x22, 0x90, 0x00, 0x0A, 0x12, 0x00, 0x67, 0x60, 0x02, 0xC3, 0x22, 0x12, 0x10, 0x0C, 0x40,
    0x0A, 0x75, 0x4B, 0x40, 0x12, 0x10, 0x51, 0xC2, 0x12, 0x80, 0x04, 0x8F, 0x4B, 0xD2, 0x12, 0x85,
    0x4B, 0x33, 0x90, 0x00, 0x04, 0x12, 0x01, 0x53, 0x85, 0xF0, 0x34, 0xF5, 0x35, 0x90, 0x00, 0x06,
    0x12, 0x01, 0x53, 0x85, 0xF0, 0x36, 0xF5, 0x37, 0xAF, 0x33, 0x15, 0x33, 0xEF, 0x60, 0x36, 0xC2,
    0xAF, 0x90, 0x7F, 0x98, 0xE0, 0x44, 0x08, 0xF0, 0x05, 0x35, 0xE5, 0x35, 0xAE, 0x34, 0x70, 0x02,
    0x05, 0x34, 0x14, 0xF5, 0x82, 0x8E, 0x83, 0xE0, 0xFF, 0x05, 0x37, 0xE5, 0x37, 0xAC, 0x36, 0x70,
    0x02, 0x05, 0x36, 0x14, 0xF5, 0x82, 0x8C, 0x83, 0xEF, 0xF0, 0x90, 0x7F, 0x98, 0xE0, 0x54, 0xF7,
    0xF0, 0xD2, 0xAF, 0x80, 0xC3, 0xE5, 0x34, 0x85, 0x35, 0xF0, 0x12, 0x10, 0x24, 0xE5, 0x4B, 0xF0,
    0xA2, 0x12, 0x22, 0x90, 0xFF, 0xFF, 0x12, 0x02, 0x8F, 0xED, 0xF0, 0x90, 0xFF, 0xFD, 0x12, 0x02,
    0x8F, 0x12, 0x02, 0x5A, 0x90, 0x00, 0x03, 0x12, 0x02, 0xB3, 0xE0, 0xF5, 0x5D, 0x12, 0x18, 0xCF,
    0x12, 0x02, 0x3A, 0xAF, 0x01, 0x8A, 0x5E, 0x8F, 0x5F, 0x85, 0x5B, 0x60, 0x85, 0x5C, 0x61, 0xAF,
    0x5D, 0x15, 0x5D, 0xEF, 0x60, 0x36, 0xC2, 0xAF, 0x90, 0x7F, 0x98, 0xE0, 0x44, 0x08, 0xF0, 0x05,
    0x5F, 0xE5, 0x5F, 0xAE, 0x5E, 0x70, 0x02, 0x05, 0x5E, 0x14, 0xF5, 0x82, 0x8E, 0x83, 0xE0, 0xFF,
    0x05, 0x61, 0xE5, 0x61, 0xAC, 0x60, 0x70, 0x02, 0x05, 0x60, 0x14, 0xF5, 0x82, 0x8C, 0x83, 0xEF,
    0xF0, 0x90, 0x7F, 0x98, 0xE0, 0x54, 0xF7, 0xF0, 0xD2, 0xAF, 0x80, 0xC3, 0x90, 0x00, 0x03, 0x12,
    0x02, 0xB3, 0xE0, 0x25, 0x5C, 0xF5, 0x5C, 0xE4, 0x35, 0x5B, 0xF5, 0x5B, 0x90, 0x00, 0x04, 0x02,
    0x02, 0x8F, 0x90, 0x21, 0x57, 0xEF, 0xF0, 0xA3, 0xEC, 0xF0, 0xA3, 0xED, 0xF0, 0xAF, 0x03, 0xAE,
    0x02, 0x20, 0x13, 0xFD, 0x12, 0x11, 0x52, 0x70, 0x60, 0xE5, 0x27, 0x45, 0x26, 0x45, 0x25, 0x60,
    0x07, 0x90, 0x7F, 0x00, 0x74, 0x07, 0xF0, 0x22, 0x90, 0x21, 0x57, 0xE0, 0xFD, 0x70, 0x1C, 0xD3,
    0xEF, 0x94, 0x08, 0xEE, 0x94, 0x00, 0x40, 0x02, 0x80, 0x1A, 0x75, 0x56, 0x55, 0x75, 0x55, 0x08,
    0x75, 0x4F, 0x7F, 0x75, 0x50, 0xC9, 0x75, 0x52, 0x51, 0x80, 0x1F, 0xD3, 0xEF, 0x94, 0x20, 0xEE,
    0x94, 0x00, 0x40, 0x07, 0x90, 0x7F, 0x00, 0x74, 0xFF, 0xF0, 0x22, 0x75, 0x56, 0x51, 0x75, 0x55,
    0x20, 0x75, 0x4F, 0x7F, 0x75, 0x50, 0xC7, 0x75, 0x52, 0x62, 0xE4, 0xF5, 0x54, 0x90, 0x21, 0x58,
    0xE0, 0xF5, 0x4D, 0xA3, 0xE0, 0xF5, 0x4E, 0x8D, 0x58, 0x22, 0xAA, 0x07, 0x20, 0x13, 0xFD, 0x12,
    0x11, 0x52, 0x70, 0x5F, 0xEA, 0x70, 0x20, 0x75, 0x56, 0x55, 0x7F, 0xB8, 0x90, 0x21, 0x00, 0x74,
    0x7F, 0xF0, 0xA3, 0x74, 0xB8, 0xF0, 0x74, 0x7F, 0x12, 0x11, 0x61, 0x74, 0x7E, 0xF0, 0xA3, 0x74,
    0x00, 0xF0, 0x75, 0x52, 0x21, 0x80, 0x1E, 0x75, 0x56, 0x51, 0x7F, 0xB6, 0x90, 0x21, 0x00, 0x74,
    0x7F, 0xF0, 0xA3, 0x74, 0xB6, 0xF0, 0x74, 0x7F, 0x12, 0x11, 0x61, 0x74, 0x7E, 0xF0, 0xA3, 0x74,
    0x80, 0xF0, 0x75, 0x52, 0x31, 0xAF, 0x03, 0x8F, 0x51, 0x75, 0x59, 0x21, 0x75, 0x5A, 0x24, 0xE4,
    0xF5, 0x53, 0x8C, 0x4D, 0x8D, 0x4E, 0xAF, 0x02, 0x8F, 0x58, 0x75, 0x25, 0xFF, 0x75, 0x26, 0x17,
    0x75, 0x27, 0x96, 0x22, 0x90, 0x7F, 0xEC, 0xE0, 0xF4, 0x54, 0x80, 0xC4, 0x54, 0x0F, 0xFF, 0xE0,
    0x54, 0x07, 0x2F, 0x25, 0xE0, 0x24, 0xB4, 0xF5, 0x82, 0xE4, 0x34, 0x7F, 0xF5, 0x83, 0x22, 0x90,
    0x21, 0x4C, 0x12, 0x02, 0x16, 0xAB, 0x47, 0xAA, 0x46, 0xA9, 0x45, 0xA8, 0x44, 0xC3, 0x02, 0x02,
    0x05, 0xAA, 0x06, 0xA9, 0x07, 0x7B, 0x01, 0x90, 0x21, 0x54, 0x12, 0x02, 0x5A, 0xEA, 0x49, 0x22,
    0x90, 0x21, 0x54, 0x12, 0x02, 0x3A, 0xEA, 0x90, 0x7F, 0xD4, 0xF0, 0xAF, 0x01, 0xEF, 0x22, 0xF5,
    0x46, 0xE4, 0x35, 0x45, 0xF5, 0x45, 0xE4, 0x35, 0x44, 0xF5, 0x44, 0x22, 0xE4, 0xF5, 0x47, 0xF5,
    0x46, 0xF5, 0x45, 0xF5, 0x44, 0x22, 0xE4, 0x90, 0x21, 0x67, 0xF0, 0x90, 0x21, 0x63, 0x74, 0x02,
    0xF0, 0xA3, 0xF0, 0xA3, 0x14, 0xF0, 0xA3, 0xF0, 0xE4, 0x90, 0x21, 0x6A, 0xF0, 0xA3, 0xF0, 0xD2,
    0xDF, 0x7D, 0x30, 0xFF, 0x12, 0x1A, 0x2E, 0x90, 0x21, 0x63, 0xE0, 0xFF, 0x12, 0x17, 0xD6, 0xE4,
    0x90, 0x21, 0x57, 0xF0, 0x7B, 0xFF, 0x7D, 0x01, 0x7F, 0x06, 0x12, 0x18, 0x38, 0x75, 0x98, 0x10,
    0x75, 0xC0, 0x10, 0x12, 0x18, 0x88, 0x12, 0x18, 0xA2, 0x7B, 0xFF, 0x7A, 0x12, 0x79, 0xB2, 0x12,
    0x1A, 0x95, 0xD2, 0xAC, 0x43, 0x98, 0x03, 0x7A, 0x09, 0x79, 0x06, 0x12, 0x1A, 0x9C, 0xD2, 0xAE,
    0x43, 0xC0, 0x03, 0x22, 0x20, 0x13, 0xFD, 0xE5, 0x52, 0x64, 0x07, 0x60, 0x05, 0xE5, 0x52, 0xB4,
    0xFF, 0x03, 0x12, 0x11, 0x48, 0xE5, 0x52, 0x64, 0x12, 0x70, 0x3B, 0xC2, 0xE9, 0x90, 0x7F, 0xA5,
    0xE0, 0x20, 0xE6, 0xF9, 0x12, 0x11, 0x12, 0x90, 0x7F, 0xA6, 0xF0, 0x90, 0x7F, 0xA5, 0xE0, 0x30,
    0xE0, 0xF9, 0x12, 0x11, 0x5A, 0xF0, 0x90, 0x7F, 0xA5, 0xE0, 0x20, 0xE6, 0xF9, 0x90, 0x7F, 0xA5,
    0xE0, 0x30, 0xE1, 0xE0, 0xD2, 0xE9, 0x85, 0x50, 0x82, 0x85, 0x4F, 0x83, 0xE4, 0xF0, 0xF5, 0x25,
    0xF5, 0x26, 0xF5, 0x03, 0xFF, 0x0F, 0xFC, 0x27, 0xF5, 0x52, 0x22, 0x90, 0x21, 0x0A, 0xE4, 0xF0,
    0x53, 0x91, 0xEF, 0x90, 0x7F, 0xA9, 0x22, 0x90, 0x00, 0x0A, 0x74, 0x01, 0x12, 0x00, 0xC8, 0x90,
    0x00, 0x08, 0x12, 0x01, 0x53, 0xFF, 0xAE, 0xF0, 0xD3, 0x94, 0x40, 0xEE, 0x94, 0x00, 0x22, 0x90,
    0x00, 0x04, 0x12, 0x01, 0xD8, 0x90, 0x00, 0x02, 0x12, 0x01, 0x53, 0xF5, 0x82, 0x85, 0xF0, 0x83,
    0x22, 0x53, 0x91, 0xEF, 0x90, 0x7F, 0xAB, 0x22, 0x53, 0x91, 0xEF, 0x90, 0x7F, 0xAA, 0x22, 0xE0,
    0x90, 0x7F, 0x00, 0xF0, 0x90, 0x7F, 0xB5, 0x74, 0x01, 0xF0, 0xD3, 0x22, 0x90, 0x00, 0x08, 0x74,
    0xFF, 0x75, 0xF0, 0xC0, 0x02, 0x01, 0x8B, 0xEF, 0xC4, 0x54, 0x0F, 0x7C, 0x00, 0x54, 0x0F, 0x24,
    0xFC, 0xF5, 0x82, 0xEC, 0x34, 0x19, 0xF5, 0x83, 0xE4, 0x93, 0xFE, 0x12, 0x00, 0x27, 0xEE, 0xF0,
    0x05, 0x1D, 0xE5, 0x1D, 0x70, 0x02, 0x05, 0x1C, 0x7E, 0x00, 0xEF, 0x54, 0x0F, 0x24, 0xFC, 0xF5,
    0x82, 0xEE, 0x34, 0x19, 0xF5, 0x83, 0xE4, 0x93, 0x12, 0x00, 0x26, 0xEF, 0xF0, 0x05, 0x1D, 0xE5,
    0x1D, 0x70, 0x02, 0x05, 0x1C, 0x75, 0x1C, 0x00, 0x20, 0x10, 0x17, 0x74, 0x00, 0x25, 0x1F, 0x12,
    0x00, 0x2B, 0xE0, 0xF5, 0x99, 0x05, 0x1F, 0xE5, 0x1F, 0x70, 0x02, 0x05, 0x1E, 0x75, 0x1E, 0x00,
    0xD2, 0x10, 0x22, 0xA9, 0x07, 0xE4, 0xFE, 0xAC, 0x71, 0xAD, 0x72, 0x8D, 0x82, 0x8C, 0x83, 0xA3,
    0xE0, 0x64, 0x02, 0x70, 0x44, 0xAB, 0x06, 0x0E, 0xEB, 0xB5, 0x01, 0x05, 0xAF, 0x05, 0xAE, 0x04,
    0x22, 0x8D, 0x82, 0x8C, 0x83, 0xA3, 0xA3, 0xE0, 0xFB, 0xA3, 0xE0, 0x90, 0x21, 0x57, 0xCB, 0xF0,
    0xA3, 0xEB, 0xF0, 0x90, 0x21, 0x57, 0xE0, 0xFB, 0xA3, 0xE0, 0xFA, 0xEB, 0x6A, 0xFB, 0x90, 0x21,
    0x57, 0xF0, 0xA3, 0xE0, 0x6B, 0xFB, 0xF0, 0x90, 0x21, 0x57, 0xE0, 0x6B, 0xF0, 0xA3, 0xE0, 0x2D,
    0xFD, 0x90, 0x21, 0x57, 0xE0, 0x3C, 0xFC, 0x80, 0xB2, 0xE4, 0xFE, 0xFF, 0x22, 0x90, 0x7F, 0xA5,
    0xE0, 0x44, 0x80, 0xF0, 0xE5, 0x56, 0x25, 0xE0, 0x22, 0xEF, 0x33, 0x95, 0xE0, 0xFE, 0xEF, 0xC4,
    0xF8, 0x54, 0x0F, 0xC8, 0x68, 0xF5, 0x4E, 0xEE, 0xC4, 0x54, 0xF0, 0x48, 0xF5, 0x4D, 0xE4, 0xF5,
    0x58, 0x22, 0x90, 0x7F, 0xA6, 0xE0, 0xFF, 0xE5, 0x5A, 0x25, 0x53, 0xF5, 0x82, 0xE4, 0x35, 0x59,
    0xF5, 0x83, 0x22, 0x75, 0x25, 0x00, 0x75, 0x26, 0x00, 0x75, 0x27, 0x00, 0x22, 0x90, 0x7F, 0x00,
    0xE5, 0x52, 0xF0, 0xE0, 0x22, 0x90, 0x7F, 0xA5, 0xE0, 0x44, 0x40, 0x22, 0x0F, 0xA3, 0xF0, 0xA3,
    0xEF, 0xF0, 0x90, 0x21, 0x06, 0x22, 0x12, 0x18, 0xBC, 0xEE, 0xF0, 0xA3, 0xEF, 0xF0, 0x7F, 0xBA,
    0x90, 0x21, 0x0C, 0x74, 0x7F, 0xF0, 0xA3, 0x74, 0xBA, 0xF0, 0x0F, 0xA3, 0x74, 0x7F, 0xF0, 0xEF,
    0x12, 0x18, 0xCD, 0xE0, 0xFF, 0xA3, 0xE0, 0x90, 0x21, 0x10, 0xCF, 0xF0, 0xA3, 0xEF, 0xF0, 0x7E,
    0x7D, 0xA3, 0x74, 0x7D, 0xF0, 0x74, 0x80, 0x12, 0x18, 0xCD, 0xA3, 0xA3, 0xE0, 0xFF, 0xA3, 0xE0,
    0x90, 0x21, 0x14, 0xCF, 0xF0, 0xA3, 0xEF, 0xF0, 0xE4, 0xA3, 0xF0, 0x75, 0x2D, 0xFF, 0x75, 0x2E,
    0x19, 0x75, 0x2F, 0x07, 0x90, 0x00, 0x04, 0x02, 0x02, 0x8F, 0xC0, 0xE0, 0xC0, 0xF0, 0xC0, 0x83,
    0xC0, 0x82, 0xC0, 0xD0, 0x75, 0xD0, 0x00, 0xC0, 0x00, 0xC0, 0x01, 0xC0, 0x02, 0xC0, 0x03, 0xC0,
    0x04, 0xC0, 0x05, 0xC0, 0x06, 0xC0, 0x07, 0x90, 0x7F, 0xCB, 0xE0, 0xFD, 0x7B, 0x01, 0x7A, 0x7D,
    0x79, 0x40, 0x12, 0x0D, 0x8C, 0x12, 0x10, 0x3D, 0x74, 0x08, 0xF0, 0x90, 0x7F, 0xCB, 0xE4, 0xF0,
    0xD0, 0x07, 0xD0, 0x06, 0xD0, 0x05, 0xD0, 0x04, 0xD0, 0x03, 0xD0, 0x02, 0xD0, 0x01, 0xD0, 0x00,
    0xD0, 0xD0, 0xD0, 0x82, 0xD0, 0x83, 0xD0, 0xF0, 0xD0, 0xE0, 0x32, 0xC0, 0xE0, 0xC0, 0xF0, 0xC0,
    0x83, 0xC0, 0x82, 0xC0, 0xD0, 0x75, 0xD0, 0x00, 0xC0, 0x00, 0xC0, 0x01, 0xC0, 0x02, 0xC0, 0x03,
    0xC0, 0x04, 0xC0, 0x05, 0xC0, 0x06, 0xC0, 0x07, 0x90, 0x7F, 0xCD, 0xE0, 0xFF, 0x7B, 0x01, 0x7A,
    0x7C, 0x79, 0xC0, 0x12, 0x07, 0xBE, 0x90, 0x7F, 0xCD, 0xE4, 0xF0, 0x12, 0x10, 0x3D, 0x74, 0x10,
    0xF0, 0xD0, 0x07, 0xD0, 0x06, 0xD0, 0x05, 0xD0, 0x04, 0xD0, 0x03, 0xD0, 0x02, 0xD0, 0x01, 0xD0,
    0x00, 0xD0, 0xD0, 0xD0, 0x82, 0xD0, 0x83, 0xD0, 0xF0, 0xD0, 0xE0, 0x32, 0x90, 0x21, 0x6C, 0x12,
    0x02, 0x5A, 0xD2, 0x0E, 0x90, 0x21, 0x6C, 0x12, 0x02, 0x3A, 0x12, 0x00, 0x4E, 0x60, 0x1F, 0x90,
    0x21, 0x6C, 0xE4, 0x75, 0xF0, 0x01, 0x12, 0x02, 0x43, 0x12, 0x00, 0x4E, 0x12, 0x00, 0x26, 0xEF,
    0xF0, 0x05, 0x1D, 0xE5, 0x1D, 0x70, 0x02, 0x05, 0x1C, 0x75, 0x1C, 0x00, 0x80, 0xD6, 0xC2, 0x0E,
    0x20, 0x10, 0x19, 0xC2, 0x0F, 0x74, 0x00, 0x25, 0x1F, 0x12, 0x00, 0x2B, 0xE0, 0xF5, 0x99, 0x05,
    0x1F, 0xE5, 0x1F, 0x70, 0x02, 0x05, 0x1E, 0x75, 0x1E, 0x00, 0xD2, 0x10, 0x22, 0xE5, 0x98, 0x30,
    0xE0, 0x03, 0x53, 0x98, 0xFE, 0xE5, 0x98, 0x30, 0xE1, 0x40, 0xE5, 0x1D, 0x65, 0x1F, 0x70, 0x04,
    0xE5, 0x1C, 0x65, 0x1E, 0x60, 0x25, 0x74, 0x00, 0x25, 0x1F, 0x12, 0x00, 0x2B, 0xE0, 0xFF, 0xB4,
    0x0A, 0x0A, 0x20, 0x0F, 0x07, 0x75, 0x99, 0x0D, 0xD2, 0x0F, 0x80, 0x0F, 0x8F, 0x99, 0x05, 0x1F,
    0xE5, 0x1F, 0x70, 0x02, 0x05, 0x1E, 0x75, 0x1E, 0x00, 0xC2, 0x0F, 0xE5, 0x1D, 0xB5, 0x1F, 0x07,
    0xE5, 0x1C, 0xB5, 0x1E, 0x02, 0xC2, 0x10, 0x53, 0x98, 0xFD, 0x22, 0xC0, 0xE0, 0xC0, 0xF0, 0xC0,
    0x83, 0xC0, 0x82, 0xC0, 0xD0, 0x75, 0xD0, 0x00, 0xC0, 0x00, 0xC0, 0x01, 0xC0, 0x02, 0xC0, 0x03,
    0xC0, 0x04, 0xC0, 0x05, 0xC0, 0x06, 0xC0, 0x07, 0x90, 0x7F, 0xC7, 0xE0, 0xFF, 0x7C, 0x7E, 0x7D,
    0x40, 0x12, 0x16, 0x02, 0x12, 0x10, 0x3D, 0x74, 0x02, 0xF0, 0xD0, 0x07, 0xD0, 0x06, 0xD0, 0x05,
    0xD0, 0x04, 0xD0, 0x03, 0xD0, 0x02, 0xD0, 0x01, 0xD0, 0x00, 0xD0, 0xD0, 0xD0, 0x82, 0xD0, 0x83,
    0xD0, 0xF0, 0xD0, 0xE0, 0x32, 0xC0, 0xE0, 0xC0, 0xF0, 0xC0, 0x83, 0xC0, 0x82, 0xC0, 0xD0, 0x75,
    0xD0, 0x00, 0xC0, 0x00, 0xC0, 0x01, 0xC0, 0x02, 0xC0, 0x03, 0xC0, 0x04, 0xC0, 0x05, 0xC0, 0x06,
    0xC0, 0x07, 0x90, 0x7F, 0xC9, 0xE0, 0xFF, 0x7C, 0x7D, 0x7D, 0xC0, 0x12, 0x16, 0x02, 0x12, 0x10,
    0x3D, 0x74, 0x04, 0xF0, 0xD0, 0x07, 0xD0, 0x06, 0xD0, 0x05, 0xD0, 0x04, 0xD0, 0x03, 0xD0, 0x02,
    0xD0, 0x01, 0xD0, 0x00, 0xD0, 0xD0, 0xD0, 0x82, 0xD0, 0x83, 0xD0, 0xF0, 0xD0, 0xE0, 0x32, 0xC0,
    0xE0, 0xC0, 0xF0, 0xC0, 0x83, 0xC0, 0x82, 0xC0, 0xD0, 0x75, 0xD0, 0x00, 0xC0, 0x00, 0xC0, 0x01,
    0xC0, 0x02, 0xC0, 0x03, 0xC0, 0x04, 0xC0, 0x05, 0xC0, 0x06, 0xC0, 0x07, 0x90, 0x7F, 0xCF, 0xE0,
    0xFF, 0x7C, 0x7C, 0x7D, 0x40, 0x12, 0x16, 0x02, 0x12, 0x10, 0x3D, 0x74, 0x20, 0xF0, 0xD0, 0x07,
    0xD0, 0x06, 0xD0, 0x05, 0xD0, 0x04, 0xD0, 0x03, 0xD0, 0x02, 0xD0, 0x01, 0xD0, 0x00, 0xD0, 0xD0,
    0xD0, 0x82, 0xD0, 0x83, 0xD0, 0xF0, 0xD0, 0xE0, 0x32, 0x20, 0x13, 0xFD, 0xE5, 0x52, 0x24, 0xF9,
    0x60, 0x15, 0x24, 0x08, 0x60, 0x11, 0x24, 0xF5, 0x70, 0x10, 0xE4, 0xF5, 0x52, 0x75, 0x25, 0xFF,
    0x75, 0x26, 0x17, 0x75, 0x27, 0xB6, 0x03, 0xFF, 0x13, 0xFB, 0x22, 0x12, 0x11, 0x48, 0x22, 0x02,
    0x00, 0x0E, 0x00, 0x02, 0x19, 0x9E, 0x00, 0x02, 0x19, 0x8B, 0x00, 0x02, 0x19, 0x61, 0x00, 0x02,
    0x16, 0x67, 0x00, 0x02, 0x00, 0x3A, 0x00, 0x02, 0x00, 0x42, 0x00, 0x02, 0x00, 0x4A, 0x00, 0x02,
    0x19, 0xB1, 0x00, 0x02, 0x13, 0x00, 0x00, 0x02, 0x19, 0xC4, 0x00, 0x02, 0x13, 0x4A, 0x00, 0x02,
    0x19, 0x1F, 0x00, 0x02, 0x11, 0xBF, 0x00, 0x02, 0x19, 0x35, 0x00, 0x02, 0x12, 0x10, 0x00, 0x02,
    0x19, 0xD7, 0x00, 0x02, 0x13, 0x94, 0x00, 0x90, 0x7F, 0xD6, 0xE0, 0x44, 0x08, 0xF0, 0xE4, 0xF5,
    0x4A, 0xE0, 0x54, 0xFB, 0xF0, 0xE4, 0xF5, 0x4B, 0xE0, 0x44, 0x08, 0xF0, 0x30, 0x11, 0x04, 0xE0,
    0x44, 0x02, 0xF0, 0x7F, 0xDC, 0x7E, 0x05, 0x12, 0x18, 0x00, 0x90, 0x7F, 0xAB, 0x74, 0xFF, 0xF0,
    0x90, 0x7F, 0xA9, 0xF0, 0x90, 0x7F, 0xAA, 0xF0, 0x53, 0x91, 0xEF, 0x90, 0x7F, 0xD6, 0xE0, 0x54,
    0xF7, 0xF0, 0xE4, 0xF5, 0x4C, 0xE0, 0x44, 0x04, 0xF0, 0x22, 0x20, 0x13, 0xFD, 0x12, 0x11, 0x52,
    0x70, 0x3A, 0x75, 0x56, 0x32, 0x7B, 0xBE, 0x90, 0x21, 0x00, 0x74, 0x7F, 0xF0, 0xA3, 0x74, 0xBE,
    0xF0, 0x0B, 0xA3, 0x74, 0x7F, 0xF0, 0xA3, 0xEB, 0xF0, 0x90, 0x21, 0x06, 0x74, 0x7C, 0xF0, 0xA3,
    0x74, 0x80, 0xF0, 0xE4, 0xF5, 0x53, 0xAE, 0x05, 0x8E, 0x51, 0x75, 0x59, 0x21, 0x75, 0x5A, 0x24,
    0x12, 0x11, 0x1E, 0x75, 0x25, 0xFF, 0x75, 0x26, 0x17, 0x75, 0x27, 0x96, 0x22, 0xC0, 0xE0, 0xC0,
    0xF0, 0xC0, 0x83, 0xC0, 0x82, 0xC0, 0xD0, 0x75, 0xD0, 0x00, 0xC0, 0x00, 0xC0, 0x01, 0xC0, 0x02,
    0xC0, 0x03, 0xC0, 0x04, 0xC0, 0x05, 0xC0, 0x06, 0xC0, 0x07, 0xAA, 0x67, 0xA9, 0x68, 0x12, 0x02,
    0x89, 0xC2, 0x8D, 0xD0, 0x07, 0xD0, 0x06, 0xD0, 0x05, 0xD0, 0x04, 0xD0, 0x03, 0xD0, 0x02, 0xD0,
    0x01, 0xD0, 0x00, 0xD0, 0xD0, 0xD0, 0x82, 0xD0, 0x83, 0xD0, 0xF0, 0xD0, 0xE0, 0x32, 0x75, 0x25,
    0x00, 0x75, 0x26, 0x00, 0x75, 0x27, 0x00, 0x75, 0x2D, 0x00, 0x75, 0x2E, 0x00, 0x75, 0x2F, 0x00,
    0x75, 0x30, 0x00, 0x75, 0x31, 0x00, 0x75, 0x32, 0x00, 0x90, 0x7F, 0xDE, 0xE0, 0x44, 0x3E, 0xF0,
    0x90, 0x7F, 0xDF, 0xE0, 0x44, 0x3E, 0xF0, 0x90, 0x7F, 0xAD, 0xE0, 0x44, 0x3E, 0xF0, 0x90, 0x7F,
    0xAC, 0xE0, 0x44, 0x3E, 0xF0, 0x90, 0x21, 0x22, 0x74, 0x01, 0xF0, 0xD2, 0x0A, 0x22, 0xC0, 0xE0,
    0xC0, 0xF0, 0xC0, 0x83, 0xC0, 0x82, 0xC0, 0xD0, 0x75, 0xD0, 0x00, 0xC0, 0x00, 0xC0, 0x01, 0xC0,
    0x02, 0xC0, 0x03, 0xC0, 0x04, 0xC0, 0x05, 0xC0, 0x06, 0xC0, 0x07, 0xAA, 0x76, 0xA9, 0x77, 0x12,
    0x02, 0x89, 0xD0, 0x07, 0xD0, 0x06, 0xD0, 0x05, 0xD0, 0x04, 0xD0, 0x03, 0xD0, 0x02, 0xD0, 0x01,
    0xD0, 0x00, 0xD0, 0xD0, 0xD0, 0x82, 0xD0, 0x83, 0xD0, 0xF0, 0xD0, 0xE0, 0x32, 0xC0, 0xE0, 0xC0,
    0xF0, 0xC0, 0x83, 0xC0, 0x82, 0xC0, 0xD0, 0x75, 0xD0, 0x00, 0xC0, 0x00, 0xC0, 0x01, 0xC0, 0x02,
    0xC0, 0x03, 0xC0, 0x04, 0xC0, 0x05, 0xC0, 0x06, 0xC0, 0x07, 0xAA, 0x79, 0xA9, 0x7A, 0x12, 0x02,
    0x89, 0xD0, 0x07, 0xD0, 0x06, 0xD0, 0x05, 0xD0, 0x04, 0xD0, 0x03, 0xD0, 0x02, 0xD0, 0x01, 0xD0,
    0x00, 0xD0, 0xD0, 0xD0, 0x82, 0xD0, 0x83, 0xD0, 0xF0, 0xD0, 0xE0, 0x32, 0xC2, 0xAF, 0xE4, 0xF5,
    0xA8, 0xF5, 0xE8, 0x75, 0xB8, 0x40, 0xF5, 0xF8, 0x90, 0x7F, 0x93, 0x74, 0x08, 0xF0, 0x90, 0x7F,
    0x94, 0x74, 0x0C, 0xF0, 0x90, 0x7F, 0x95, 0x74, 0xE7, 0xF0, 0xE4, 0x90, 0x7F, 0x9C, 0xF0, 0x90,
    0x7F, 0x9D, 0x74, 0xF0, 0xF0, 0x90, 0x7F, 0x9E, 0x74, 0x08, 0xF0, 0xE4, 0x90, 0x7F, 0x97, 0xF0,
    0x22, 0x8F, 0x51, 0xEF, 0xD3, 0x95, 0x55, 0x40, 0x03, 0x85, 0x55, 0x51, 0xE4, 0xF5, 0x53, 0xE5,
    0x58, 0x70, 0x05, 0x75, 0x52, 0x51, 0x80, 0x03, 0x75, 0x52, 0x62, 0xAE, 0x04, 0xAF, 0x05, 0x8E,
    0x59, 0x8F, 0x5A, 0x12, 0x11, 0x12, 0x90, 0x7F, 0xA6, 0xF0, 0x75, 0x25, 0xFF, 0x75, 0x26, 0x0F,
    0x75, 0x27, 0xAD, 0x22, 0xE5, 0x30, 0x85, 0x31, 0x83, 0x85, 0x32, 0x82, 0xF4, 0x70, 0x0A, 0x74,
    0x97, 0x65, 0x82, 0x70, 0x04, 0x74, 0x16, 0x65, 0x83, 0x70, 0x1A, 0x05, 0x14, 0xE5, 0x14, 0xD3,
    0x94, 0x14, 0x40, 0x11, 0xE4, 0xF5, 0x14, 0x90, 0xE4, 0x87, 0x12, 0x02, 0x3A, 0x74, 0x01, 0x12,
    0x00, 0xB6, 0x75, 0x08, 0x0C, 0x22, 0xC0, 0xE0, 0xC0, 0x83, 0xC0, 0x82, 0x90, 0x7F, 0xC7, 0xE4,
    0xF0, 0x90, 0x7F, 0xC9, 0xF0, 0x90, 0x7F, 0xCB, 0xF0, 0x90, 0x7F, 0xCD, 0xF0, 0x90, 0x7F, 0xCF,
    0xF0, 0x90, 0x7F, 0xD1, 0xF0, 0x90, 0x7F, 0xD3, 0xF0, 0x12, 0x10, 0x36, 0x74, 0x10, 0xF0, 0xD0,
    0x82, 0xD0, 0x83, 0xD0, 0xE0, 0x32, 0xE5, 0x08, 0x64, 0x0C, 0x70, 0x28, 0xE5, 0x19, 0x12, 0x0C,
    0x46, 0xE5, 0x0E, 0xF0, 0xA3, 0xE5, 0x0F, 0xF0, 0x05, 0x1A, 0xE5, 0x17, 0xB5, 0x1A, 0x0A, 0xE4,
    0xF5, 0x08, 0xF5, 0x30, 0xF5, 0x31, 0xF5, 0x32, 0x22, 0x05, 0x18, 0x75, 0x30, 0xFF, 0x75, 0x31,
    0x0A, 0x75, 0x32, 0xE6, 0x22, 0xE5, 0x27, 0x45, 0x26, 0x45, 0x25, 0x60, 0x07, 0xAA, 0x26, 0xA9,
    0x27, 0x12, 0x02, 0x89, 0xE5, 0x2F, 0x45, 0x2E, 0x45, 0x2D, 0x60, 0x07, 0xAA, 0x2E, 0xA9, 0x2F,
    0x12, 0x02, 0x89, 0xE5, 0x32, 0x45, 0x31, 0x45, 0x30, 0x60, 0x07, 0xAA, 0x31, 0xA9, 0x32, 0x12,
    0x02, 0x89, 0x22, 0x7B, 0x01, 0x7A, 0xB4, 0x79, 0x45, 0x90, 0xE4, 0x87, 0x12, 0x02, 0x5A, 0x90,
    0xB4, 0x42, 0x12, 0x02, 0x5A, 0xE4, 0xF5, 0x14, 0x90, 0x21, 0x57, 0xF0, 0x1B, 0xFD, 0x7F, 0x02,
    0x12, 0x18, 0x6E, 0x7B, 0xFF, 0x7A, 0x16, 0x79, 0x35, 0x12, 0x1A, 0x64, 0xE4, 0xF5, 0x08, 0x22,
    0xAC, 0x73, 0xAD, 0x74, 0x8D, 0x82, 0x8C, 0x83, 0xA3, 0xE0, 0x64, 0x03, 0x70, 0x19, 0xAE, 0x07,
    0x1F, 0xEE, 0x70, 0x05, 0xAF, 0x05, 0xAE, 0x04, 0x22, 0x8D, 0x82, 0x8C, 0x83, 0xE0, 0x7A, 0x00,
    0x2D, 0xFD, 0xEA, 0x3C, 0xFC, 0x80, 0xDD, 0xE4, 0xFE, 0xFF, 0x22, 0xEF, 0x25, 0xE0, 0x25, 0xE0,
    0x24, 0x1C, 0xF5, 0x82, 0xE4, 0x34, 0x18, 0x12, 0x1A, 0x46, 0x24, 0x1D, 0xF5, 0x82, 0xE4, 0x34,
    0x18, 0xF5, 0x83, 0xE4, 0x93, 0xAB, 0x06, 0x90, 0x21, 0x57, 0xF0, 0x7D, 0x01, 0x7F, 0x02, 0x02,
    0x18, 0x38, 0x12, 0x18, 0xBC, 0xEE, 0xF0, 0xA3, 0xEF, 0x12, 0x18, 0xCE, 0xE0, 0xF5, 0x5B, 0xA3,
    0xE0, 0xF5, 0x5C, 0x12, 0x18, 0xCF, 0xA3, 0xA3, 0xE0, 0xF5, 0x62, 0xA3, 0xE0, 0xF5, 0x63, 0x90,
    0x00, 0x04, 0x02, 0x02, 0x8F, 0x20, 0x13, 0xFD, 0xE5, 0x58, 0x70, 0x05, 0x75, 0x52, 0x21, 0x80,
    0x03, 0x75, 0x52, 0x31, 0x12, 0x11, 0x12, 0x90, 0x7F, 0xA6, 0xF0, 0x75, 0x25, 0xFF, 0x75, 0x26,
    0x13, 0x75, 0x27, 0xDE, 0x22, 0x90, 0x21, 0x04, 0x74, 0x21, 0xF0, 0xA3, 0x74, 0x24, 0xF0, 0x90,
    0x21, 0x08, 0xE4, 0xF0, 0xA3, 0xE5, 0x51, 0xF0, 0xE4, 0xA3, 0xF0, 0x75, 0x25, 0xFF, 0x75, 0x26,
    0x19, 0x75, 0x27, 0xEA, 0x22, 0xEF, 0x25, 0xE0, 0x25, 0xE0, 0x24, 0x1E, 0xF5, 0x82, 0xE4, 0x34,
    0x18, 0x12, 0x1A, 0x46, 0x24, 0x1F, 0xF5, 0x82, 0xE4, 0x34, 0x18, 0xF5, 0x83, 0xE4, 0x93, 0xFD,
    0xAF, 0x06, 0x02, 0x1A, 0x5B, 0x90, 0x7F, 0xEA, 0xE0, 0x02, 0xAE, 0x17, 0xFA, 0x90, 0x21, 0x23,
    0xF0, 0xD3, 0x22, 0x90, 0x21, 0x54, 0xEE, 0xF0, 0xA3, 0xEF, 0xF0, 0x90, 0x21, 0x54, 0x74, 0xFF,
    0xF5, 0xF0, 0x12, 0x01, 0x12, 0x45, 0xF0, 0x60, 0x05, 0x12, 0x1A, 0x0D, 0x80, 0xED, 0x22, 0x64,
    0x00, 0xFE, 0xC8, 0xB2, 0x00, 0xFF, 0x64, 0xD9, 0x00, 0xFF, 0xB2, 0xEC, 0x00, 0xFF, 0xD9, 0xF4,
    0x00, 0xFF, 0xE6, 0xF6, 0x00, 0xFF, 0xEC, 0xFA, 0x00, 0xFF, 0xF3, 0xEF, 0xC4, 0x54, 0xF0, 0x42,
    0x89, 0xAF, 0x05, 0xEF, 0xC4, 0x54, 0xF0, 0x42, 0x8E, 0x90, 0x21, 0x57, 0xE0, 0xF5, 0x8B, 0xAF,
    0x03, 0x8F, 0x8D, 0xD2, 0x8E, 0x22, 0x20, 0x13, 0xFD, 0x12, 0x11, 0x52, 0x70, 0x12, 0x75, 0x56,
    0x32, 0x75, 0x4F, 0x7F, 0x75, 0x50, 0xCF, 0xE4, 0xF5, 0x54, 0x12, 0x11, 0x1E, 0x75, 0x55, 0x20,
    0x22, 0xEF, 0x42, 0x89, 0xAF, 0x05, 0xEF, 0x33, 0x33, 0x33, 0x54, 0xF8, 0x42, 0x8E, 0x90, 0x21,
    0x57, 0xE0, 0xF5, 0x8A, 0xAF, 0x03, 0x8F, 0x8C, 0xD2, 0x8C, 0x22, 0xC2, 0x04, 0x90, 0x21, 0x6A,
    0xE0, 0xFF, 0xB4, 0x02, 0x02, 0xD2, 0x04, 0x53, 0x98, 0x3F, 0xEF, 0x70, 0x04, 0x43, 0x98, 0x40,
    0x22, 0x43, 0x98, 0xC0, 0x22, 0xC2, 0x05, 0x90, 0x21, 0x6B, 0xE0, 0xFF, 0xB4, 0x02, 0x02, 0xD2,
    0x05, 0x53, 0xC0, 0x3F, 0xEF, 0x70, 0x04, 0x43, 0xC0, 0x40, 0x22, 0x43, 0xC0, 0xC0, 0x22, 0x90,
    0xFF, 0xFE, 0x12, 0x02, 0x8F, 0xEC, 0xF0, 0xA3, 0xED, 0xF0, 0x90, 0xFF, 0xFE, 0x02, 0x02, 0x8F,
    0xA3, 0xF0, 0x85, 0x7B, 0x83, 0x85, 0x7C, 0x82, 0x22, 0xE4, 0xF5, 0x88, 0xF5, 0x8A, 0xF5, 0x8C,
    0xF5, 0x8B, 0xF5, 0x8D, 0x53, 0x8E, 0x03, 0xF5, 0xC8, 0xF5, 0xCC, 0xF5, 0xCD, 0xF5, 0xCA, 0xF5,
    0xCB, 0x22, 0x7B, 0x01, 0x7A, 0x21, 0x79, 0x17, 0x12, 0x0C, 0x87, 0x92, 0x11, 0x30, 0x11, 0x09,
    0x75, 0x30, 0x00, 0x75, 0x31, 0x00, 0x75, 0x32, 0x00, 0x22, 0x7B, 0x01, 0x7A, 0x21, 0x79, 0x0C,
    0x12, 0x0D, 0x0B, 0x92, 0x11, 0x30, 0x11, 0x09, 0x75, 0x2D, 0x00, 0x75, 0x2E, 0x00, 0x75, 0x2F,
    0x00, 0x22, 0xC0, 0xE0, 0xC0, 0x83, 0xC0, 0x82, 0x90, 0x21, 0x16, 0x12, 0x10, 0x03, 0x74, 0x08,
    0xF0, 0xD0, 0x82, 0xD0, 0x83, 0xD0, 0xE0, 0x32, 0xC0, 0xE0, 0xC0, 0x83, 0xC0, 0x82, 0x90, 0x21,
    0x21, 0x12, 0x10, 0x03, 0x74, 0x10, 0xF0, 0xD0, 0x82, 0xD0, 0x83, 0xD0, 0xE0, 0x32, 0x90, 0x7F,
    0x00, 0xE5, 0x08, 0xF0, 0xE5, 0x08, 0x70, 0x0B, 0x75, 0x08, 0x01, 0x8E, 0x0A, 0x8F, 0x0B, 0xF5,
    0x12, 0xF5, 0x13, 0x22, 0xC0, 0xE0, 0xC0, 0x83, 0xC0, 0x82, 0xD2, 0x0D, 0x12, 0x10, 0x36, 0x74,
    0x08, 0xF0, 0xD0, 0x82, 0xD0, 0x83, 0xD0, 0xE0, 0x32, 0xEF, 0x54, 0x07, 0xC4, 0x33, 0x54, 0xE0,
    0xFD, 0x90, 0x7F, 0x97, 0xE0, 0x54, 0x1F, 0xF0, 0xE0, 0xAE, 0x05, 0x4E, 0xF0, 0x22, 0xC0, 0xE0,
    0xC0, 0x83, 0xC0, 0x82, 0x12, 0x10, 0x36, 0x74, 0x04, 0xF0, 0xD0, 0x82, 0xD0, 0x83, 0xD0, 0xE0,
    0x32, 0xC0, 0xE0, 0xC0, 0x83, 0xC0, 0x82, 0x12, 0x10, 0x36, 0x74, 0x02, 0xF0, 0xD0, 0x82, 0xD0,
    0x83, 0xD0, 0xE0, 0x32, 0xC0, 0xE0, 0xC0, 0x83, 0xC0, 0x82, 0x12, 0x10, 0x00, 0x74, 0x02, 0xF0,
    0xD0, 0x82, 0xD0, 0x83, 0xD0, 0xE0, 0x32, 0xC0, 0xE0, 0xC0, 0x83, 0xC0, 0x82, 0x12, 0x10, 0x00,
    0x74, 0x04, 0xF0, 0xD0, 0x82, 0xD0, 0x83, 0xD0, 0xE0, 0x32, 0xC0, 0xE0, 0xC0, 0x83, 0xC0, 0x82,
    0x12, 0x10, 0x00, 0x74, 0x20, 0xF0, 0xD0, 0x82, 0xD0, 0x83, 0xD0, 0xE0, 0x32, 0x7B, 0x01, 0x7A,
    0x21, 0x79, 0x00, 0x12, 0x0C, 0x87, 0x92, 0x11, 0x30, 0x11, 0x03, 0x12, 0x11, 0x48, 0x22, 0x30,
    0x31, 0x32, 0x33, 0x34, 0x35, 0x36, 0x37, 0x38, 0x39, 0x41, 0x42, 0x43, 0x44, 0x45, 0x46, 0x00,
    0x74, 0x00, 0xF5, 0x86, 0x90, 0xFD, 0xA5, 0x7C, 0x05, 0xA3, 0xE5, 0x82, 0x45, 0x83, 0x70, 0xF9,
    0x22, 0xE4, 0xF5, 0x1E, 0xF5, 0x1F, 0xF5, 0x1C, 0xF5, 0x1D, 0xC2, 0x0F, 0xC2, 0x10, 0xC2, 0x0E,
    0x22, 0xEF, 0xC4, 0x33, 0x54, 0xE0, 0x42, 0x8E, 0xAF, 0x05, 0x8F, 0xC8, 0x22, 0x78, 0x7F, 0xE4,
    0xF6, 0xD8, 0xFD, 0x75, 0x81, 0x7E, 0x02, 0x05, 0x5A, 0xF5, 0x83, 0xE4, 0x93, 0xFE, 0xEF, 0x25,
    0xE0, 0x25, 0xE0, 0x22, 0x90, 0x7F, 0xEA, 0xE0, 0x90, 0x21, 0x0B, 0xF0, 0xD3, 0x22, 0xAE, 0x05,
    0x8E, 0xCA, 0x8F, 0xCB, 0xD2, 0xCA, 0x22, 0x8B, 0x66, 0x8A, 0x67, 0x89, 0x68, 0xD2, 0xA9, 0x22,
    0x8B, 0x69, 0x8A, 0x6A, 0x89, 0x6B, 0xD2, 0xAB, 0x22, 0x8B, 0x6C, 0x8A, 0x6D, 0x89, 0x6E, 0xD2,
    0xAD, 0x22, 0xC2, 0x13, 0xE4, 0xF5, 0x52, 0xD2, 0xE9, 0x22, 0x90, 0x21, 0x23, 0x12, 0x10, 0x44,
    0x22, 0x90, 0x21, 0x0B, 0x12, 0x10, 0x44, 0x22, 0x8B, 0x75, 0x8A, 0x76, 0x89, 0x77, 0x22, 0x8B,
    0x78, 0x8A, 0x79, 0x89, 0x7A, 0x22, 0xD3, 0x22, 0xD3, 0x22, 0x22, 0x80, 0x01, 0x7F, 0x92, 0x00,
    0x00, 0x00, 0x00, 0x00, 0x00, 0x00, 0x00, 0x00, 0x00, 0x00, 0x00, 0x00, 0x00, 0x00, 0x00, 0x00,
    0xFF, 0xFF, 0xFF, 0xFF, 0xFF, 0xFF, 0xFF, 0xFF, 0xFF, 0xFF, 0xFF, 0xFF, 0xFF, 0xFF, 0xFF, 0xFF,
    0xFF, 0xFF, 0xFF, 0xFF, 0xFF, 0xFF, 0xFF, 0xFF, 0xFF, 0xFF, 0xFF, 0xFF, 0xFF, 0xFF, 0xFF, 0xFF,
    0xFF, 0xFF, 0xFF, 0xFF, 0xFF, 0xFF, 0xFF, 0xFF, 0xFF, 0xFF, 0xFF, 0xFF, 0xFF, 0xFF, 0xFF, 0xFF,
    0xFF, 0xFF, 0xFF, 0xFF, 0xFF, 0xFF, 0xFF, 0xFF, 0xFF, 0xFF, 0xFF, 0xFF, 0xFF, 0xFF, 0xFF, 0xFF,
    0xFF, 0xFF, 0xFF, 0xFF, 0xFF, 0xFF, 0xFF, 0xFF, 0xFF, 0xFF, 0xFF, 0xFF, 0xFF, 0xFF, 0xFF, 0xFF,
    0xFF, 0xFF, 0xFF, 0xFF, 0xFF, 0xFF, 0xFF, 0xFF, 0xFF, 0xFF, 0xFF, 0xFF, 0xFF, 0xFF, 0xFF, 0xFF,
    0xFF, 0xFF, 0xFF, 0xFF, 0xFF, 0xFF, 0xFF, 0xFF, 0xFF, 0xFF, 0xFF, 0xFF, 0xFF, 0xFF, 0xFF, 0xFF,
    0xFF, 0xFF, 0xFF, 0xFF, 0xFF, 0xFF, 0xFF, 0xFF, 0xFF, 0xFF, 0xFF, 0xFF, 0xFF, 0xFF, 0xFF, 0xFF,
    0xFF, 0xFF, 0xFF, 0xFF, 0xFF, 0xFF, 0xFF, 0xFF, 0xFF, 0xFF, 0xFF, 0xFF, 0xFF, 0xFF, 0xFF, 0xFF,
    0xFF, 0xFF, 0xFF, 0xFF, 0xFF, 0xFF, 0xFF, 0xFF, 0xFF, 0xFF, 0xFF, 0xFF, 0xFF, 0xFF, 0xFF, 0xFF,
    0xFF, 0xFF, 0xFF, 0xFF, 0xFF, 0xFF, 0xFF, 0xFF, 0xFF, 0xFF, 0xFF, 0xFF, 0xFF, 0xFF, 0xFF, 0xFF,
    0xFF, 0xFF, 0xFF, 0xFF, 0xFF, 0xFF, 0xFF, 0xFF, 0xFF, 0xFF, 0xFF, 0xFF, 0xFF, 0xFF, 0xFF, 0xFF,
    0xFF, 0xFF, 0xFF, 0xFF, 0xFF, 0xFF, 0xFF, 0xFF, 0xFF, 0xFF, 0xFF, 0xFF, 0xFF, 0xFF, 0xFF, 0xFF,
    0xFF, 0xFF, 0xFF, 0xFF, 0xFF, 0xFF, 0xFF, 0xFF, 0xFF, 0xFF, 0xFF, 0xFF, 0xFF, 0xFF, 0xFF, 0xFF,
    0xFF, 0xFF, 0xFF, 0xFF, 0xFF, 0xFF, 0xFF, 0xFF, 0xFF, 0xFF, 0xFF, 0xFF, 0xFF, 0xFF, 0xFF, 0xFF,
    0xFF, 0xFF, 0xFF, 0xFF, 0xFF, 0xFF, 0xFF, 0xFF, 0xFF, 0xFF, 0xFF, 0xFF, 0xFF, 0xFF, 0xFF, 0xFF,
    0xFF, 0xFF, 0xFF, 0xFF, 0xFF, 0xFF, 0xFF, 0xFF, 0xFF, 0xFF, 0xFF, 0xFF, 0xFF, 0xFF, 0xFF, 0xFF,
    0xFF, 0xFF, 0xFF, 0xFF, 0xFF, 0xFF, 0xFF, 0xFF, 0xFF, 0xFF, 0xFF, 0xFF, 0xFF, 0xFF, 0xFF, 0xFF,
    0xFF, 0xFF, 0xFF, 0xFF, 0xFF, 0xFF, 0xFF, 0xFF, 0xFF, 0xFF, 0xFF, 0xFF, 0xFF, 0xFF, 0xFF, 0xFF,
    0xFF, 0xFF, 0xFF, 0xFF, 0xFF, 0xFF, 0xFF, 0xFF, 0xFF, 0xFF, 0xFF, 0xFF, 0xFF, 0xFF, 0xFF, 0xFF,
    0xFF, 0xFF, 0xFF, 0xFF, 0xFF, 0xFF, 0xFF, 0xFF, 0xFF, 0xFF, 0xFF, 0xFF, 0xFF, 0xFF, 0xFF, 0xFF,
    0xFF, 0xFF, 0xFF, 0xFF, 0xFF, 0xFF, 0xFF, 0xFF, 0xFF, 0xFF, 0xFF, 0xFF, 0xFF, 0xFF, 0xFF, 0xFF,
    0xFF, 0xFF, 0xFF, 0xFF, 0xFF, 0xFF, 0xFF, 0xFF, 0xFF, 0xFF, 0xFF, 0xFF, 0xFF, 0xFF, 0xFF, 0xFF,
    0xFF, 0xFF, 0xFF, 0xFF, 0xFF, 0xFF, 0xFF, 0xFF, 0xFF, 0xFF, 0xFF, 0xFF, 0xFF, 0xFF, 0xFF, 0xFF,
    0xFF, 0xFF, 0xFF, 0xFF, 0xFF, 0xFF, 0xFF, 0xFF, 0xFF, 0xFF, 0xFF, 0xFF, 0xFF, 0xFF, 0xFF, 0xFF,
    0xFF, 0xFF, 0xFF, 0xFF, 0xFF, 0xFF, 0xFF, 0xFF, 0xFF, 0xFF, 0xFF, 0xFF, 0xFF, 0xFF, 0xFF, 0xFF,
    0xFF, 0xFF, 0xFF, 0xFF, 0xFF, 0xFF, 0xFF, 0xFF, 0xFF, 0xFF, 0xFF, 0xFF, 0xFF, 0xFF, 0xFF, 0xFF,
    0xFF, 0xFF, 0xFF, 0xFF, 0xFF, 0xFF, 0xFF, 0xFF, 0xFF, 0xFF, 0xFF, 0xFF, 0xFF, 0xFF, 0xFF, 0xFF,
    0xFF, 0xFF, 0xFF, 0xFF, 0xFF, 0xFF, 0xFF, 0xFF, 0xFF, 0xFF, 0xFF, 0xFF, 0xFF, 0xFF, 0xFF, 0xFF,
    0xFF, 0xFF, 0xFF, 0xFF, 0xFF, 0xFF, 0xFF, 0xFF, 0xFF, 0xFF, 0xFF, 0xFF, 0xFF, 0xFF, 0xFF, 0xFF,
    0xFF, 0xFF, 0xFF, 0xFF, 0xFF, 0xFF, 0xFF, 0xFF, 0xFF, 0xFF, 0xFF, 0xFF, 0xFF, 0xFF, 0xFF, 0xFF,
    0xFF, 0xFF, 0xFF, 0xFF, 0xFF, 0xFF, 0xFF, 0xFF, 0xFF, 0xFF, 0xFF, 0xFF, 0xFF, 0xFF, 0xFF, 0xFF,
    0xFF, 0xFF, 0xFF, 0xFF, 0xFF, 0xFF, 0xFF, 0xFF, 0xFF, 0xFF, 0xFF, 0xFF, 0xFF, 0xFF, 0xFF, 0xFF,
    0xFF, 0xFF, 0xFF, 0xFF, 0xFF, 0xFF, 0xFF, 0xFF, 0xFF, 0xFF, 0xFF, 0xFF, 0xFF, 0xFF, 0xFF, 0xFF,
    0xFF, 0xFF, 0xFF, 0xFF, 0xFF, 0xFF, 0xFF, 0xFF, 0xFF, 0xFF, 0xFF, 0xFF, 0xFF, 0xFF, 0xFF, 0xFF,
    0xFF, 0xFF, 0xFF, 0xFF, 0xFF, 0xFF, 0xFF, 0xFF, 0xFF, 0xFF, 0xFF, 0xFF, 0xFF, 0xFF, 0xFF, 0xFF,
    0xFF, 0xFF, 0xFF, 0xFF, 0xFF, 0xFF, 0xFF, 0xFF, 0xFF, 0xFF, 0xFF, 0xFF, 0xFF, 0xFF, 0xFF, 0xFF,
    0xFF, 0xFF, 0xFF, 0xFF, 0xFF, 0xFF, 0xFF, 0xFF, 0xFF, 0xFF, 0xFF, 0xFF, 0xFF, 0xFF, 0xFF, 0xFF,
    0xFF, 0xFF, 0xFF, 0xFF, 0xFF, 0xFF, 0xFF, 0xFF, 0xFF, 0xFF, 0xFF, 0xFF, 0xFF, 0xFF, 0xFF, 0xFF,
    0xFF, 0xFF, 0xFF, 0xFF, 0xFF, 0xFF, 0xFF, 0xFF, 0xFF, 0xFF, 0xFF, 0xFF, 0xFF, 0xFF, 0xFF, 0xFF,
    0xFF, 0xFF, 0xFF, 0xFF, 0xFF, 0xFF, 0xFF, 0xFF, 0xFF, 0xFF, 0xFF, 0xFF, 0xFF, 0xFF, 0xFF, 0xFF,
    0xFF, 0xFF, 0xFF, 0xFF, 0xFF, 0xFF, 0xFF, 0xFF, 0xFF, 0xFF, 0xFF, 0xFF, 0xFF, 0xFF, 0xFF, 0xFF,
    0xFF, 0xFF, 0xFF, 0xFF, 0xFF, 0xFF, 0xFF, 0xFF, 0xFF, 0xFF, 0xFF, 0xFF, 0xFF, 0xFF, 0xFF, 0xFF,
    0xFF, 0xFF, 0xFF, 0xFF, 0xFF, 0xFF, 0xFF, 0xFF, 0xFF, 0xFF, 0xFF, 0xFF, 0xFF, 0xFF, 0xFF, 0xFF,
    0xFF, 0xFF, 0xFF, 0xFF, 0xFF, 0xFF, 0xFF, 0xFF, 0xFF, 0xFF, 0xFF, 0xFF, 0xFF, 0xFF, 0xFF, 0xFF,
    0xFF, 0xFF, 0xFF, 0xFF, 0xFF, 0xFF, 0xFF, 0xFF, 0xFF, 0xFF, 0xFF, 0xFF, 0xFF, 0xFF, 0xFF, 0xFF,
    0xFF, 0xFF, 0xFF, 0xFF, 0xFF, 0xFF, 0xFF, 0xFF, 0xFF, 0xFF, 0xFF, 0xFF, 0xFF, 0xFF, 0xFF, 0xFF,
    0xFF, 0xFF, 0xFF, 0xFF, 0xFF, 0xFF, 0xFF, 0xFF, 0xFF, 0xFF, 0xFF, 0xFF, 0xFF, 0xFF, 0xFF, 0xFF,
    0xFF, 0xFF, 0xFF, 0xFF, 0xFF, 0xFF, 0xFF, 0xFF, 0xFF, 0xFF, 0xFF, 0xFF, 0xFF, 0xFF, 0xFF, 0xFF,
    0xFF, 0xFF, 0xFF, 0xFF, 0xFF, 0xFF, 0xFF, 0xFF, 0xFF, 0xFF, 0xFF, 0xFF, 0xFF, 0xFF, 0xFF, 0xFF,
    0xFF, 0xFF, 0xFF, 0xFF, 0xFF, 0xFF, 0xFF, 0xFF, 0xFF, 0xFF, 0xFF, 0xFF, 0xFF, 0xFF, 0xFF, 0xFF,
    0xFF, 0xFF, 0xFF, 0xFF, 0xFF, 0xFF, 0xFF, 0xFF, 0xFF, 0xFF, 0xFF, 0xFF, 0xFF, 0xFF, 0xFF, 0xFF,
    0xFF, 0xFF, 0xFF, 0xFF, 0xFF, 0xFF, 0xFF, 0xFF, 0xFF, 0xFF, 0xFF, 0xFF, 0xFF, 0xFF, 0xFF, 0xFF,
    0xFF, 0xFF, 0xFF, 0xFF, 0xFF, 0xFF, 0xFF, 0xFF, 0xFF, 0xFF, 0xFF, 0xFF, 0xFF, 0xFF, 0xFF, 0xFF,
    0xFF, 0xFF, 0xFF, 0xFF, 0xFF, 0xFF, 0xFF, 0xFF, 0xFF, 0xFF, 0xFF, 0xFF, 0xFF, 0xFF, 0xFF, 0xFF,
    0xFF, 0xFF, 0xFF, 0xFF, 0xFF, 0xFF, 0xFF, 0xFF, 0xFF, 0xFF, 0xFF, 0xFF, 0xFF, 0xFF, 0xFF, 0xFF,
    0xFF, 0xFF, 0xFF, 0xFF, 0xFF, 0xFF, 0xFF, 0xFF, 0xFF, 0xFF, 0xFF, 0xFF, 0xFF, 0xFF, 0xFF, 0xFF,
    0xFF, 0xFF, 0xFF, 0xFF, 0xFF, 0xFF, 0xFF, 0xFF, 0xFF, 0xFF, 0xFF, 0xFF, 0xFF, 0xFF, 0xFF, 0xFF,
    0xFF, 0xFF, 0xFF, 0xFF, 0xFF, 0xFF, 0xFF, 0xFF, 0xFF, 0xFF, 0xFF, 0xFF, 0xFF, 0xFF, 0xFF, 0xFF,
    0xFF, 0xFF, 0xFF, 0xFF, 0xFF, 0xFF, 0xFF, 0xFF, 0xFF, 0xFF, 0xFF, 0xFF, 0xFF, 0xFF, 0xFF, 0xFF,
    0xFF, 0xFF, 0xFF, 0xFF, 0xFF, 0xFF, 0xFF, 0xFF, 0xFF, 0xFF, 0xFF, 0xFF, 0xFF, 0xFF, 0xFF, 0xFF,
    0xFF, 0xFF, 0xFF, 0xFF, 0xFF, 0xFF, 0xFF, 0xFF, 0xFF, 0xFF, 0xFF, 0xFF, 0xFF, 0xFF, 0xFF, 0xFF,
    0xFF, 0xFF, 0xFF, 0xFF, 0xFF, 0xFF, 0xFF, 0xFF, 0xFF, 0xFF, 0xFF, 0xFF, 0xFF, 0xFF, 0xFF, 0xFF,
    0xFF, 0xFF, 0xFF, 0xFF, 0xFF, 0xFF, 0xFF, 0xFF, 0xFF, 0xFF, 0xFF, 0xFF, 0xFF, 0xFF, 0xFF, 0xFF,
    0xFF, 0xFF, 0xFF, 0xFF, 0xFF, 0xFF, 0xFF, 0xFF, 0xFF, 0xFF, 0xFF, 0xFF, 0xFF, 0xFF, 0xFF, 0xFF,
    0xFF, 0xFF, 0xFF, 0xFF, 0xFF, 0xFF, 0xFF, 0xFF, 0xFF, 0xFF, 0xFF, 0xFF, 0xFF, 0xFF, 0xFF, 0xFF,
    0x01, 0xFE, 0xFF, 0xFF, 0xFF, 0xFF, 0xFF, 0xFF, 0xFF, 0xFF, 0xFF, 0xFF, 0xFF, 0xFF, 0xFF, 0xFF,
    0x41, 0x41, 0x45, 0x45, 0x2D, 0x30, 0x31, 0x44, 0x34, 0x34, 0x37, 0x34, 0x34, 0x37, 0x31, 0x35,
    0xFF, 0xFF, 0xFF, 0xFF, 0xFF, 0xFF, 0xFF, 0xFF, 0xFF, 0xFF, 0xFF, 0xFF, 0xFF, 0xFF, 0xFF, 0xFF,
    0xFF, 0xFF, 0xFF, 0xFF, 0xFF, 0xFF, 0xFF, 0xFF, 0xFF, 0xFF, 0xFF, 0xFF, 0xFF, 0xFF, 0xFF, 0xFF,
    0xFF, 0xFF, 0xFF, 0xFF, 0xFF, 0xFF, 0xFF, 0xFF, 0xFF, 0xFF, 0xFF, 0xFF, 0xFF, 0xFF, 0xFF, 0xFF,
    0xFF, 0xFF, 0xFF, 0xFF, 0xFF, 0xFF, 0xFF, 0xFF, 0xFF, 0xFF, 0xFF, 0xFF, 0xFF, 0xFF, 0xFF, 0xFF,
    0xFF, 0xFF, 0xFF, 0xFF, 0xFF, 0xFF, 0xFF, 0xFF, 0xFF, 0xFF, 0xFF, 0xFF, 0xFF, 0xFF, 0xFF, 0xFF,
    0xFF, 0xFF, 0xFF, 0xFF, 0xFF, 0xFF, 0xFF, 0xFF, 0xFF, 0xFF, 0xFF, 0xFF, 0xFF, 0xFF, 0xFF, 0xFF,
    0xFF, 0xFF, 0xFF, 0xFF, 0xFF, 0xFF, 0xFF, 0xFF, 0xFF, 0xFF, 0xFF, 0xFF, 0xFF, 0xFF, 0xFF, 0xFF,
    0xFF, 0xFF, 0xFF, 0xFF, 0xFF, 0xFF, 0xFF, 0xFF, 0xFF, 0xFF, 0xFF, 0xFF, 0xFF, 0xFF, 0xFF, 0xFF,
    0xFF, 0xFF, 0xFF, 0xFF, 0xFF, 0xFF, 0xFF, 0xFF, 0xFF, 0xFF, 0xFF, 0xFF, 0xFF, 0xFF, 0xFF, 0xFF,
    0xFF, 0xFF, 0xFF, 0xFF, 0xFF, 0xFF, 0xFF, 0xFF, 0xFF, 0xFF, 0xFF, 0xFF, 0xFF, 0xFF, 0xFF, 0xFF,
    0xFF, 0xFF, 0xFF, 0xFF, 0xFF, 0xFF, 0xFF, 0xFF, 0xFF, 0xFF, 0xFF, 0xFF, 0xFF, 0xFF, 0xFF, 0xFF,
    0xFF, 0xFF, 0xFF, 0xFF, 0xFF, 0xFF, 0xFF, 0xFF, 0xFF, 0xFF, 0xFF, 0xFF, 0xFF, 0xFF, 0xFF, 0xFF,
    0xFF, 0xFF, 0xFF, 0xFF, 0xFF, 0xFF, 0xFF, 0xFF, 0xFF, 0xFF, 0xFF, 0xFF, 0xFF, 0xFF, 0xFF, 0xFF,
    0xFF, 0xFF, 0xFF, 0xFF, 0xFF, 0xFF, 0xFF, 0xFF, 0xFF, 0xFF, 0xFF, 0xFF, 0xFF, 0xFF, 0xFF, 0xFF,
};

/* hotd3_pc20_g24lc64: 8192 bytes from pc20_g24lc64.bin */
static const uint8_t hotd3_pc20_g24lc64[8192] = {
    0xB2, 0xA3, 0x0C, 0x03, 0x00, 0x10, 0x01, 0x03, 0xFF, 0x00, 0x00, 0x02, 0x19, 0xF4, 0x02, 0x00,
    0x06, 0x05, 0x1D, 0xC2, 0x89, 0x32, 0x02, 0x14, 0x6C, 0xC0, 0xE0, 0xC0, 0x83, 0xC0, 0x82, 0xD2,
    0x0B, 0x12, 0x15, 0xA5, 0x74, 0x01, 0xF0, 0xD0, 0x82, 0xD0, 0x83, 0xD0, 0xE0, 0x32, 0x02, 0x14,
    0xAD, 0xEF, 0xC4, 0x33, 0x54, 0xE0, 0x42, 0x8E, 0xAF, 0x05, 0x8F, 0xC8, 0x22, 0x32, 0x02, 0x00,
    0x36, 0x53, 0xD8, 0xEF, 0x32, 0x32, 0x02, 0x14, 0xEC, 0xD3, 0x22, 0xD3, 0x22, 0x32, 0x02, 0x16,
    0x00, 0xD3, 0x22, 0xD3, 0x22, 0x22, 0x02, 0x09, 0xDD, 0xBB, 0x01, 0x06, 0x89, 0x82, 0x8A, 0x83,
    0xE0, 0x22, 0x50, 0x02, 0xE7, 0x22, 0xBB, 0xFE, 0x02, 0xE3, 0x22, 0x89, 0x82, 0x8A, 0x83, 0xE4,
    0x93, 0x22, 0xBB, 0x01, 0x0C, 0xE5, 0x82, 0x29, 0xF5, 0x82, 0xE5, 0x83, 0x3A, 0xF5, 0x83, 0xE0,
    0x22, 0x50, 0x06, 0xE9, 0x25, 0x82, 0xF8, 0xE6, 0x22, 0xBB, 0xFE, 0x06, 0xE9, 0x25, 0x82, 0xF8,
    0xE2, 0x22, 0xE5, 0x82, 0x29, 0xF5, 0x82, 0xE5, 0x83, 0x3A, 0xF5, 0x83, 0xE4, 0x93, 0x22, 0xBB,
    0x01, 0x06, 0x89, 0x82, 0x8A, 0x83, 0xF0, 0x22, 0x50, 0x02, 0xF7, 0x22, 0xBB, 0xFE, 0x01, 0xF3,
    0x22, 0xF8, 0xBB, 0x01, 0x0D, 0xE5, 0x82, 0x29, 0xF5, 0x82, 0xE5, 0x83, 0x3A, 0xF5, 0x83, 0xE8,
    0xF0, 0x22, 0x50, 0x06, 0xE9, 0x25, 0x82, 0xC8, 0xF6, 0x22, 0xBB, 0xFE, 0x05, 0xE9, 0x25, 0x82,
    0xC8, 0xF2, 0x22, 0xC5, 0xF0, 0xF8, 0xA3, 0xE0, 0x28, 0xF0, 0xC5, 0xF0, 0xF8, 0xE5, 0x82, 0x15,
    0x82, 0x70, 0x02, 0x15, 0x83, 0xE0, 0x38, 0xF0, 0x22, 0xA3, 0xF8, 0xE0, 0xC5, 0xF0, 0x25, 0xF0,
    0xF0, 0xE5, 0x82, 0x15, 0x82, 0x70, 0x02, 0x15, 0x83, 0xE0, 0xC8, 0x38, 0xF0, 0xE8, 0x22, 0xBB,
    0x01, 0x0A, 0x89, 0x82, 0x8A, 0x83, 0xE0, 0xF5, 0xF0, 0xA3, 0xE0, 0x22, 0x50, 0x06, 0x87, 0xF0,
    0x09, 0xE7, 0x19, 0x22, 0xBB, 0xFE, 0x07, 0xE3, 0xF5, 0xF0, 0x09, 0xE3, 0x19, 0x22, 0x89, 0x82,
    0x8A, 0x83, 0xE4, 0x93, 0xF5, 0xF0, 0x74, 0x01, 0x93, 0x22, 0xBB, 0x01, 0x10, 0xE5, 0x82, 0x29,
    0xF5, 0x82, 0xE5, 0x83, 0x3A, 0xF5, 0x83, 0xE0, 0xF5, 0xF0, 0xA3, 0xE0, 0x22, 0x50, 0x09, 0xE9,
    0x25, 0x82, 0xF8, 0x86, 0xF0, 0x08, 0xE6, 0x22, 0xBB, 0xFE, 0x0A, 0xE9, 0x25, 0x82, 0xF8, 0xE2,
    0xF5, 0xF0, 0x08, 0xE2, 0x22, 0xE5, 0x83, 0x2A, 0xF5, 0x83, 0xE9, 0x93, 0xF5, 0xF0, 0xA3, 0xE9,
    0x93, 0x22, 0xBB, 0x01, 0x0F, 0xF8, 0xE5, 0x82, 0x29, 0xF5, 0x82, 0xE5, 0x83, 0x3A, 0xF5, 0x83,
    0xE8, 0x02, 0x00, 0xDE, 0x50, 0x11, 0xC5, 0x82, 0x29, 0xF8, 0x08, 0xC5, 0xF0, 0x26, 0xC6, 0xF5,
    0xF0, 0x18, 0xC5, 0x82, 0x36, 0xC6, 0x22, 0xBB, 0xFE, 0x15, 0xC5, 0x82, 0x29, 0xF8, 0x08, 0xE2,
    0xC5, 0xF0, 0x25, 0xF0, 0xF2, 0x18, 0xE2, 0xC5, 0x82, 0x35, 0x82, 0xF2, 0xE5, 0x82, 0x22, 0xE5,
    0x83, 0x2A, 0xF5, 0x83, 0xE9, 0x93, 0xF5, 0xF0, 0xA3, 0xE9, 0x93, 0xC5, 0xF0, 0x22, 0xBB, 0x01,
    0x0D, 0xC5, 0x82, 0x29, 0xC5, 0x82, 0xC5, 0x83, 0x3A, 0xC5, 0x83, 0x02, 0x00, 0xC8, 0x50, 0x11,
    0xC5, 0x82, 0x29, 0xF8, 0x08, 0xE5, 0xF0, 0x26, 0xF6, 0x18, 0xF5, 0xF0, 0xE5, 0x82, 0x36, 0xF6,
    0x22, 0xBB, 0xFE, 0x11, 0xC5, 0x82, 0x29, 0xF8, 0x08, 0xE2, 0x25, 0xF0, 0xF5, 0xF0, 0xF2, 0x18,
    0xE2, 0x35, 0x82, 0xF2, 0x22, 0xF8, 0xE5, 0x82, 0x29, 0xF5, 0x82, 0xE5, 0x83, 0x2A, 0xF5, 0x83,
    0x74, 0x01, 0x93, 0x25, 0xF0, 0xF5, 0xF0, 0xE4, 0x93, 0x38, 0x22, 0xBB, 0x01, 0x0A, 0x89, 0x82,
    0x8A, 0x83, 0xF0, 0xE5, 0xF0, 0xA3, 0xF0, 0x22, 0x50, 0x06, 0xF7, 0x09, 0xA7, 0xF0, 0x19, 0x22,
    0xBB, 0xFE, 0x06, 0xF3, 0xE5, 0xF0, 0x09, 0xF3, 0x19, 0x22, 0xF8, 0xBB, 0x01, 0x11, 0xE5, 0x82,
    0x29, 0xF5, 0x82, 0xE5, 0x83, 0x3A, 0xF5, 0x83, 0xE8, 0xF0, 0xE5, 0xF0, 0xA3, 0xF0, 0x22, 0x50,
    0x09, 0xE9, 0x25, 0x82, 0xC8, 0xF6, 0x08, 0xA6, 0xF0, 0x22, 0xBB, 0xFE, 0x09, 0xE9, 0x25, 0x82,
    0xC8, 0xF2, 0xE5, 0xF0, 0x08, 0xF2, 0x22, 0xEB, 0x9F, 0xF5, 0xF0, 0xEA, 0x9E, 0x42, 0xF0, 0xE9,
    0x9D, 0x42, 0xF0, 0xE8, 0x9C, 0x45, 0xF0, 0x22, 0xE0, 0xFC, 0xA3, 0xE0, 0xFD, 0xA3, 0xE0, 0xFE,
    0xA3, 0xE0, 0xFF, 0x22, 0xEC, 0xF0, 0xA3, 0xED, 0xF0, 0xA3, 0xEE, 0xF0, 0xA3, 0xEF, 0xF0, 0x22,
    0xE0, 0xFB, 0xA3, 0xE0, 0xFA, 0xA3, 0xE0, 0xF9, 0x22, 0xF8, 0xE0, 0xFB, 0xA3, 0xA3, 0xE0, 0xF9,
    0x25, 0xF0, 0xF0, 0xE5, 0x82, 0x15, 0x82, 0x70, 0x02, 0x15, 0x83, 0xE0, 0xFA, 0x38, 0xF0, 0x22,
    0xEB, 0xF0, 0xA3, 0xEA, 0xF0, 0xA3, 0xE9, 0xF0, 0x22, 0xBB, 0x01, 0x0D, 0xE5, 0x82, 0x29, 0xF5,
    0x82, 0xE5, 0x83, 0x3A, 0xF5, 0x83, 0x02, 0x02, 0x65, 0x50, 0x07, 0xE9, 0x25, 0x82, 0xF8, 0x02,
    0x02, 0xEA, 0xBB, 0xFE, 0x07, 0xE9, 0x25, 0x82, 0xF8, 0x02, 0x02, 0xF3, 0xE5, 0x82, 0x29, 0xF5,
    0x82, 0xE5, 0x83, 0x3A, 0xF5, 0x83, 0x02, 0x02, 0xFC, 0xD0, 0x83, 0xD0, 0x82, 0xF8, 0xE4, 0x93,
    0x70, 0x12, 0x74, 0x01, 0x93, 0x70, 0x0D, 0xA3, 0xA3, 0x93, 0xF8, 0x74, 0x01, 0x93, 0xF5, 0x82,
    0x88, 0x83, 0xE4, 0x73, 0x74, 0x02, 0x93, 0x68, 0x60, 0xEF, 0xA3, 0xA3, 0xA3, 0x80, 0xDF, 0x8A,
    0x83, 0x89, 0x82, 0xE4, 0x73, 0xE6, 0xFB, 0x08, 0xE6, 0xFA, 0x08, 0xE6, 0xF9, 0x22, 0xE2, 0xFB,
    0x08, 0xE2, 0xFA, 0x08, 0xE2, 0xF9, 0x22, 0xE4, 0x93, 0xFB, 0x74, 0x01, 0x93, 0xFA, 0x74, 0x02,
    0x93, 0xF9, 0x22, 0x90, 0x7F, 0xE9, 0xE0, 0xF5, 0x48, 0xA3, 0xE0, 0x75, 0x49, 0x00, 0xF5, 0x4A,
    0xA3, 0xE0, 0xFE, 0xEE, 0x42, 0x49, 0xA3, 0xE0, 0x75, 0x23, 0x00, 0xF5, 0x24, 0xA3, 0xE0, 0xFE,
    0xEE, 0x42, 0x23, 0xE4, 0x90, 0x7F, 0x00, 0xF0, 0x90, 0x7F, 0x04, 0xF0, 0xA3, 0xF0, 0xA3, 0xF0,
    0xA3, 0xF0, 0x90, 0x7F, 0x01, 0xF0, 0x90, 0x7F, 0x9A, 0xE0, 0x90, 0x7F, 0x02, 0xF0, 0x90, 0x7F,
    0x97, 0xE0, 0x90, 0x7F, 0x03, 0xF0, 0x90, 0x7F, 0x9B, 0xE0, 0x90, 0x7F, 0x06, 0xF0, 0x90, 0x7F,
    0x98, 0xE0, 0x90, 0x7F, 0x07, 0xF0, 0xE5, 0x48, 0xB4, 0x1D, 0x0C, 0xAB, 0x24, 0xAA, 0x23, 0xAD,
    0x4A, 0xAC, 0x49, 0x7F, 0x01, 0x80, 0x0F, 0xE5, 0x48, 0xB4, 0x1E, 0x0F, 0xAB, 0x24, 0xAA, 0x23,
    0xAD, 0x4A, 0xAC, 0x49, 0xE4, 0xFF, 0x12, 0x10, 0x00, 0xA1, 0x09, 0xE5, 0x48, 0xB4, 0x16, 0x0A,
    0xAB, 0x24, 0xAD, 0x4A, 0xAC, 0x49, 0x7F, 0x01, 0x80, 0x0D, 0xE5, 0x48, 0xB4, 0x17, 0x0D, 0xAB,
    0x24, 0xAD, 0x4A, 0xAC, 0x49, 0xE4, 0xFF, 0x12, 0x10, 0x7C, 0xA1, 0x09, 0xE5, 0x48, 0xB4, 0x25,
    0x08, 0x12, 0x15, 0x9A, 0x12, 0x17, 0x02, 0xA1, 0x09, 0xE5, 0x48, 0xB4, 0x26, 0x08, 0x12, 0x15,
    0x9A, 0x12, 0x0F, 0xF0, 0xA1, 0x09, 0xE5, 0x48, 0xB4, 0x27, 0x08, 0x12, 0x15, 0x9A, 0x12, 0x19,
    0xBE, 0xA1, 0x09, 0xE5, 0x48, 0xB4, 0x28, 0x08, 0x12, 0x15, 0x9A, 0x12, 0x19, 0xE8, 0xA1, 0x09,
    0xE5, 0x48, 0xB4, 0x29, 0x0A, 0x90, 0x7F, 0xEB, 0xE0, 0xFF, 0x12, 0x19, 0xA2, 0xA1, 0x09, 0xE5,
    0x48, 0xB4, 0x2A, 0x0A, 0x90, 0x7F, 0xEB, 0xE0, 0xFF, 0x12, 0x19, 0xB0, 0xA1, 0x09, 0xE5, 0x48,
    0xB4, 0x2B, 0x0A, 0x90, 0x7F, 0xEB, 0xE0, 0xFF, 0x12, 0x19, 0x03, 0xFF, 0x03, 0xFF, 0xCC, 0xA1,
    0x09, 0xE5, 0x48, 0xB4, 0x2C, 0x0A, 0x90, 0x7F, 0xEB, 0xE0, 0xFF, 0x12, 0x19, 0xDA, 0xA1, 0x09,
    0xE5, 0x48, 0xB4, 0x2D, 0x08, 0x12, 0x15, 0x9A, 0x12, 0x18, 0x1F, 0xA1, 0x09, 0xE5, 0x48, 0xB4,
    0x2E, 0x0A, 0x90, 0x7F, 0xEA, 0xE0, 0xFF, 0x12, 0x17, 0xD6, 0xA1, 0x09, 0xE5, 0x48, 0xB4, 0x2F,
    0x05, 0x12, 0x1A, 0x52, 0xA1, 0x09, 0xE5, 0x48, 0x64, 0x1A, 0x70, 0x20, 0x7A, 0x26, 0x79, 0x01,
    0x12, 0x05, 0x18, 0x50, 0x02, 0xA1, 0x09, 0x90, 0x26, 0x25, 0xE0, 0xFE, 0xA3, 0xE0, 0x8E, 0x35,
    0xF5, 0x36, 0x75, 0x39, 0x00, 0x8F, 0x3A, 0xE4, 0xF5, 0x3B, 0xA1, 0x09, 0xE5, 0x48, 0xB4, 0x22,
    0x08, 0x7B, 0x01, 0x7A, 0x26, 0x79, 0x01, 0x80, 0x31, 0xE5, 0x48, 0x64, 0x1B, 0x70, 0x20, 0x7A,
    0x26, 0x79, 0x27, 0x12, 0x05, 0x18, 0x50, 0x02, 0xA1, 0x09, 0x90, 0x26, 0x4B, 0xE0, 0xFE, 0xA3,
    0xE0, 0x8E, 0x40, 0xF5, 0x41, 0x75, 0x44, 0x00, 0x8F, 0x45, 0xE4, 0xF5, 0x46, 0x80, 0x79, 0xE5,
    0x48, 0xB4, 0x23, 0x0F, 0x7B, 0x01, 0x7A, 0x26, 0x79, 0x27, 0xAD, 0x24, 0xAC, 0x23, 0x12, 0x16,
    0xD2, 0x80, 0x65, 0xE5, 0x48, 0x64, 0x30, 0x70, 0x25, 0x90, 0x7F, 0xEA, 0xE0, 0x70, 0x04, 0xC2,
    0xA8, 0x80, 0x0D, 0x90, 0x7F, 0xEA, 0xE0, 0xD3, 0x64, 0x80, 0x94, 0x80, 0x40, 0x02, 0xD2, 0xA8,
    0xA2, 0xA8, 0xE4, 0x33, 0x90, 0x7F, 0x04, 0xF0, 0xA3, 0xE5, 0x1D, 0xF0, 0x80, 0x3A, 0xE5, 0x48,
    0x64, 0x31, 0x70, 0x2E, 0x90, 0x7F, 0x97, 0xE0, 0x54, 0x0F, 0xF0, 0xE0, 0xFF, 0x90, 0x7F, 0xEB,
    0xE0, 0x54, 0xF0, 0xFE, 0xEF, 0x4E, 0x90, 0x7F, 0x97, 0xF0, 0x90, 0x7F, 0x9D, 0xE0, 0x54, 0x0F,
    0xF0, 0xE0, 0xFF, 0x90, 0x7F, 0xEA, 0xE0, 0x54, 0xF0, 0xFE, 0xEF, 0x4E, 0x90, 0x7F, 0x9D, 0xF0,
    0x80, 0x06, 0x90, 0x7F, 0x00, 0x74, 0x99, 0xF0, 0x90, 0x7F, 0xB5, 0x74, 0x08, 0xF0, 0x90, 0x7F,
    0xB4, 0xE0, 0x20, 0xE2, 0xF9, 0xC3, 0x22, 0x7B, 0x01, 0xAD, 0x24, 0xAC, 0x23, 0x12, 0x08, 0xC6,
    0x8F, 0x30, 0xE5, 0x30, 0xD3, 0x94, 0x00, 0x22, 0x90, 0x7F, 0xE9, 0xE0, 0x12, 0x02, 0xBE, 0x05,
    0xAE, 0x00, 0x05, 0xF0, 0x01, 0x06, 0x38, 0x03, 0x05, 0x4C, 0x06, 0x05, 0xA9, 0x08, 0x05, 0xA4,
    0x09, 0x05, 0x9A, 0x0A, 0x05, 0x9F, 0x0B, 0x00, 0x00, 0x06, 0x66, 0x12, 0x00, 0x46, 0x40, 0x02,
    0xC1, 0x72, 0x90, 0x7F, 0xEB, 0xE0, 0x24, 0xFE, 0x60, 0x11, 0x14, 0x60, 0x22, 0x24, 0x02, 0x70,
    0x36, 0xE5, 0x6B, 0x90, 0x7F, 0xD4, 0xF0, 0xE5, 0x6C, 0x80, 0x24, 0x90, 0x7F, 0xEA, 0xE0, 0xFF,
    0x12, 0x12, 0x8A, 0x12, 0x12, 0x55, 0x60, 0x1D, 0x12, 0x12, 0x64, 0x80, 0x12, 0xC1, 0x6B, 0x90,
    0x7F, 0xEA, 0xE0, 0xFF, 0x12, 0x15, 0xD1, 0x12, 0x12, 0x55, 0x60, 0x09, 0x12, 0x12, 0x64, 0x90,
    0x7F, 0xD5, 0xF0, 0xC1, 0x72, 0xC1, 0x6B, 0xC1, 0x6B, 0x12, 0x1A, 0x3D, 0xC1, 0x72, 0x12, 0x1A,
    0x00, 0xC1, 0x72, 0x12, 0x17, 0xF6, 0xC1, 0x72, 0x12, 0x1A, 0x36, 0xC1, 0x72, 0x12, 0x00, 0x48,
    0x40, 0x02, 0xC1, 0x72, 0x90, 0x7F, 0xE8, 0xE0, 0x24, 0x7F, 0x60, 0x15, 0x14, 0x60, 0x19, 0x24,
    0x02, 0x70, 0x2A, 0xA2, 0x0A, 0xE4, 0x33, 0x25, 0xE0, 0xFF, 0xA2, 0x0C, 0xE4, 0x33, 0x4F, 0x80,
    0x0D, 0xE4, 0x90, 0x7F, 0x00, 0xF0, 0x80, 0x0B, 0x12, 0x12, 0x28, 0xE0, 0x54, 0x01, 0x90, 0x7F,
    0x00, 0xF0, 0xE4, 0xA3, 0xF0, 0x90, 0x7F, 0xB5, 0x74, 0x02, 0xF0, 0xC1, 0x72, 0xC1, 0x6B, 0x12,
    0x15, 0xFC, 0x50, 0x7D, 0x90, 0x7F, 0xE8, 0xE0, 0x24, 0xFE, 0x60, 0x11, 0x24, 0x02, 0x70, 0x71,
    0x90, 0x7F, 0xEA, 0xE0, 0xB4, 0x01, 0x04, 0xC2, 0x0A, 0xC1, 0x72, 0xC1, 0x6B, 0x90, 0x7F, 0xEA,
    0xE0, 0x70, 0x22, 0x12, 0x12, 0x28, 0xE4, 0xF0, 0x90, 0x7F, 0xEC, 0xE0, 0x54, 0x80, 0x13, 0x13,
    0x13, 0x54, 0x1F, 0xFF, 0xE0, 0x54, 0x07, 0x2F, 0x90, 0x7F, 0xD7, 0xF0, 0xE4, 0xF5, 0x68, 0xE0,
    0x44, 0x20, 0xF0, 0x80, 0x3C, 0x80, 0x33, 0x12, 0x15, 0xFE, 0x50, 0x35, 0x90, 0x7F, 0xE8, 0xE0,
    0x24, 0xFE, 0x60, 0x11, 0x24, 0x02, 0x70, 0x29, 0x90, 0x7F, 0xEA, 0xE0, 0xB4, 0x01, 0x04, 0xD2,
    0x0A, 0x80, 0x1E, 0x80, 0x15, 0x90, 0x7F, 0xEA, 0xE0, 0x70, 0x08, 0x12, 0x12, 0x28, 0x74, 0x01,
    0xF0, 0x80, 0x0E, 0x80, 0x05, 0x12, 0x03, 0x08, 0x50, 0x07, 0x90, 0x7F, 0xB4, 0xE0, 0x44, 0x01,
    0xF0, 0x90, 0x7F, 0xB4, 0xE0, 0x44, 0x02, 0xF0, 0x22, 0x90, 0x7F, 0xA1, 0x74, 0x01, 0xF0, 0xC2,
    0xAF, 0xE4, 0xF5, 0xA8, 0xF5, 0xE8, 0xC2, 0x0D, 0xC2, 0x0A, 0xC2, 0x0C, 0xC2, 0x0B, 0x12, 0x16,
    0x38, 0x12, 0x18, 0x8E, 0x12, 0x0E, 0x9E, 0x12, 0x1A, 0x2E, 0xD2, 0xAF, 0x12, 0x15, 0x63, 0x7E,
    0x10, 0x7F, 0xEA, 0x8E, 0x6B, 0x8F, 0x6C, 0x75, 0x6D, 0x10, 0x75, 0x6E, 0xFC, 0x75, 0x6F, 0x11,
    0x75, 0x70, 0x38, 0xEE, 0x54, 0xE0, 0x70, 0x02, 0xE1, 0x73, 0x90, 0x26, 0x78, 0xE4, 0xF0, 0xA3,
    0x74, 0x80, 0xF0, 0xA3, 0xEE, 0xF0, 0xA3, 0xEF, 0xF0, 0xC3, 0x74, 0x54, 0x9F, 0xFF, 0x74, 0x11,
    0x9E, 0xCF, 0x24, 0x02, 0xCF, 0x34, 0x00, 0xFE, 0xE4, 0xFC, 0xFD, 0x90, 0x26, 0x74, 0x12, 0x02,
    0x59, 0x12, 0x12, 0x80, 0x12, 0x12, 0x43, 0x50, 0x21, 0x90, 0x26, 0x78, 0xE0, 0xFC, 0xA3, 0xE0,
    0x25, 0x65, 0xF5, 0x82, 0xEC, 0x35, 0x64, 0xF5, 0x83, 0x74, 0xCD, 0xF0, 0xE5, 0x65, 0x24, 0x01,
    0xF5, 0x65, 0xE4, 0x35, 0x64, 0x12, 0x12, 0x73, 0x80, 0xDA, 0x12, 0x12, 0x80, 0x12, 0x12, 0x43,
    0x50, 0x30, 0xAE, 0x64, 0xAF, 0x65, 0x90, 0x26, 0x7A, 0xE0, 0xFC, 0xA3, 0xE0, 0x2F, 0xF5, 0x82,
    0xEC, 0x3E, 0xF5, 0x83, 0xE0, 0xFD, 0x90, 0x26, 0x78, 0xE0, 0xFA, 0xA3, 0xE0, 0x2F, 0xF5, 0x82,
    0xEA, 0x3E, 0xF5, 0x83, 0xED, 0xF0, 0xEF, 0x24, 0x01, 0xF5, 0x65, 0xE4, 0x3E, 0x12, 0x12, 0x73,
    0x80, 0xCB, 0x90, 0x26, 0x78, 0xE0, 0xF5, 0x6B, 0xA3, 0xE0, 0xF5, 0x6C, 0x74, 0xEA, 0x24, 0x80,
    0xF5, 0x67, 0x74, 0x10, 0x34, 0xFF, 0xF5, 0x66, 0xC3, 0xE5, 0x6E, 0x95, 0x67, 0xF5, 0x6E, 0xE5,
    0x6D, 0x95, 0x66, 0xF5, 0x6D, 0xC3, 0xE5, 0x70, 0x95, 0x67, 0xF5, 0x70, 0xE5, 0x6F, 0x95, 0x66,
    0xF5, 0x6F, 0xD2, 0xE8, 0x43, 0xD8, 0x20, 0x90, 0x7F, 0xAF, 0xE0, 0x44, 0x01, 0xF0, 0x90, 0x7F,
    0xAE, 0xE0, 0x44, 0x1D, 0xF0, 0xD2, 0x88, 0xD2, 0xAF, 0xD2, 0x0E, 0x12, 0x14, 0x29, 0x53, 0x8E,
    0xF8, 0xE5, 0x8E, 0x54, 0xF8, 0x44, 0x01, 0xF5, 0x8E, 0xE4, 0xF5, 0x1C, 0x30, 0x0B, 0x05, 0x12,
    0x05, 0x29, 0xC2, 0x0B, 0x12, 0x18, 0x00, 0x80, 0xF3, 0x00, 0x01, 0x01, 0x00, 0x01, 0x00, 0x00,
    0x01, 0x01, 0x00, 0x00, 0x01, 0x00, 0x01, 0x01, 0x00, 0x01, 0x00, 0x00, 0x01, 0x00, 0x01, 0x01,
    0x00, 0x00, 0x01, 0x01, 0x00, 0x01, 0x00, 0x00, 0x01, 0x01, 0x00, 0x00, 0x01, 0x00, 0x01, 0x01,
    0x00, 0x00, 0x01, 0x01, 0x00, 0x01, 0x00, 0x00, 0x01, 0x00, 0x01, 0x01, 0x00, 0x01, 0x00, 0x00,
    0x01, 0x01, 0x00, 0x00, 0x01, 0x00, 0x01, 0x01, 0x00, 0x01, 0x00, 0x00, 0x01, 0x00, 0x01, 0x01,
    0x00, 0x00, 0x01, 0x01, 0x00, 0x01, 0x00, 0x00, 0x01, 0x00, 0x01, 0x01, 0x00, 0x03, 0xFF, 0x07,
    0xFE, 0x01, 0x00, 0x00, 0x01, 0x01, 0x00, 0x00, 0x01, 0x00, 0x01, 0x01, 0x00, 0x00, 0x01, 0x01,
    0x00, 0x01, 0x00, 0x00, 0x01, 0x01, 0x00, 0x00, 0x01, 0x00, 0x01, 0x01, 0x00, 0x01, 0x00, 0x00,
    0x01, 0x00, 0x01, 0x01, 0x00, 0x00, 0x01, 0x01, 0x00, 0x01, 0x00, 0x00, 0x01, 0x01, 0x00, 0x00,
    0x01, 0x00, 0x01, 0x01, 0x00, 0x00, 0x01, 0x01, 0x00, 0x01, 0x00, 0x00, 0x01, 0x00, 0x01, 0x01,
    0x00, 0x01, 0x00, 0x00, 0x01, 0x01, 0x00, 0x00, 0x01, 0x00, 0x01, 0x01, 0x00, 0x00, 0x01, 0x01,
    0x00, 0x01, 0x00, 0x00, 0x01, 0x01, 0x00, 0x00, 0x01, 0x00, 0x01, 0x01, 0x00, 0x01, 0x00, 0x00,
    0x01, 0x00, 0x01, 0x01, 0x00, 0x00, 0x01, 0x01, 0x00, 0x01, 0x00, 0x00, 0x01, 0x00, 0x01, 0x01,
    0x00, 0x01, 0x00, 0x00, 0x01, 0x01, 0x00, 0x00, 0x01, 0x00, 0x01, 0x01, 0x00, 0x01, 0x00, 0x00,
    0x01, 0x00, 0x01, 0x01, 0x00, 0x00, 0x01, 0x01, 0x00, 0x01, 0x00, 0x00, 0x01, 0x01, 0x00, 0x00,
    0x01, 0x00, 0x01, 0x01, 0x00, 0x00, 0x01, 0x01, 0x00, 0x01, 0x00, 0x00, 0x01, 0x00, 0x01, 0x01,
    0x00, 0x01, 0x00, 0x00, 0x01, 0x01, 0x00, 0x00, 0x01, 0x00, 0x01, 0x01, 0x00, 0x64, 0x00, 0xFE,
    0xC8, 0xB2, 0x00, 0xFF, 0x64, 0xD9, 0x00, 0xFF, 0xB2, 0xEC, 0x00, 0xFF, 0xD9, 0xF4, 0x00, 0xFF,
    0xE6, 0xF6, 0x00, 0xFF, 0xEC, 0xFA, 0x00, 0xFF, 0xF3, 0x90, 0x26, 0x7F, 0x12, 0x02, 0x85, 0x90,
    0x7F, 0x01, 0xE0, 0xFF, 0x90, 0x00, 0x03, 0x12, 0x00, 0x67, 0xFE, 0xEF, 0x4E, 0x90, 0x7F, 0x01,
    0xF0, 0xD3, 0xED, 0x94, 0x00, 0xEC, 0x94, 0x01, 0x40, 0x06, 0x12, 0x0C, 0x4E, 0x7F, 0x00, 0x22,
    0xC2, 0xAF, 0xED, 0x4C, 0x70, 0x0E, 0x12, 0x0C, 0x08, 0x90, 0x00, 0x0E, 0x12, 0x01, 0x1F, 0xFD,
    0xAC, 0xF0, 0x80, 0x17, 0x12, 0x0C, 0x08, 0x90, 0x00, 0x0E, 0x12, 0x01, 0x1F, 0xFF, 0xAE, 0xF0,
    0xD3, 0xED, 0x9F, 0xEC, 0x9E, 0x40, 0x04, 0xAC, 0x06, 0xAD, 0x07, 0xD3, 0xED, 0x94, 0x40, 0xEC,
    0x94, 0x00, 0x40, 0x04, 0x7C, 0x00, 0x7D, 0x40, 0x12, 0x0C, 0x08, 0xE9, 0x24, 0x0E, 0xF9, 0xE4,
    0x3A, 0xFA, 0x12, 0x00, 0xF4, 0xC3, 0x9D, 0xFF, 0xE5, 0xF0, 0x9C, 0x8F, 0xF0, 0x12, 0x01, 0xF0,
    0xD2, 0xAF, 0xED, 0x90, 0x7F, 0x04, 0xF0, 0xEC, 0xA3, 0xF0, 0x4D, 0x70, 0x02, 0xFF, 0x22, 0x12,
    0x0C, 0x08, 0x90, 0x00, 0x03, 0xE4, 0x12, 0x00, 0xA6, 0x90, 0x00, 0x24, 0x12, 0x01, 0x1F, 0xAA,
    0xF0, 0xF9, 0x7B, 0x01, 0x90, 0x26, 0x82, 0x12, 0x02, 0x85, 0x8C, 0x12, 0x8D, 0x13, 0xE5, 0x13,
    0x15, 0x13, 0xAE, 0x12, 0x70, 0x02, 0x15, 0x12, 0x4E, 0x60, 0x62, 0x12, 0x0C, 0x08, 0x90, 0x00,
    0x22, 0xE4, 0x75, 0xF0, 0x01, 0x12, 0x01, 0x57, 0x85, 0xF0, 0x82, 0xF5, 0x83, 0xE0, 0xFF, 0x90,
    0x26, 0x82, 0x12, 0x0C, 0x39, 0xEF, 0x12, 0x00, 0x94, 0x12, 0x0C, 0x08, 0x90, 0x00, 0x1F, 0x12,
    0x02, 0x8E, 0xC0, 0x03, 0xC0, 0x02, 0xC0, 0x01, 0x12, 0x0C, 0x08, 0x90, 0x00, 0x22, 0x12, 0x01,
    0x1F, 0xF9, 0xC3, 0xD0, 0x82, 0xD0, 0x83, 0xD0, 0xE0, 0xE9, 0x95, 0x82, 0xE5, 0xF0, 0x95, 0x83,
    0x40, 0xAC, 0x12, 0x0C, 0x08, 0x90, 0x00, 0x1C, 0x12, 0x02, 0x8E, 0xAE, 0x02, 0xAF, 0x01, 0x12,
    0x0C, 0x08, 0x90, 0x00, 0x22, 0xEE, 0x8F, 0xF0, 0x12, 0x02, 0x0F, 0x21, 0x6B, 0xAF, 0x05, 0x22,
    0xC0, 0xE0, 0xC0, 0x83, 0xC0, 0x82, 0xC0, 0xD0, 0x75, 0xD0, 0x00, 0xC0, 0x00, 0xC0, 0x07, 0xD2,
    0x10, 0x85, 0x50, 0x55, 0x90, 0x7F, 0xA5, 0xE0, 0x30, 0xE2, 0x05, 0x75, 0x50, 0xFF, 0x41, 0xBB,
    0x90, 0x7F, 0xA5, 0xE0, 0x20, 0xE1, 0x0B, 0xE5, 0x50, 0x64, 0x03, 0x60, 0x05, 0x75, 0x50, 0x07,
    0x41, 0xBB, 0xE5, 0x50, 0x12, 0x02, 0xBE, 0x0A, 0x33, 0x02, 0x0A, 0x49, 0x03, 0x0A, 0x9C, 0x10,
    0x0A, 0xB5, 0x11, 0x0A, 0x6F, 0x31, 0x0A, 0x71, 0x32, 0x0A, 0x7C, 0x40, 0x0A, 0x6F, 0x62, 0x0A,
    0x91, 0x63, 0x00, 0x00, 0x0A, 0xBB, 0x12, 0x15, 0x37, 0xEF, 0xF0, 0x05, 0x50, 0xE5, 0x4F, 0x64,
    0x01, 0x70, 0x7B, 0x90, 0x7F, 0xA5, 0xE0, 0x44, 0x20, 0xF0, 0x41, 0xBB, 0xE5, 0x4F, 0x24, 0xFE,
    0xB5, 0x51, 0x09, 0x90, 0x7F, 0xA5, 0xE0, 0x44, 0x20, 0xF0, 0x80, 0x0D, 0xE5, 0x4F, 0x14, 0xB5,
    0x51, 0x07, 0x12, 0x15, 0x52, 0xF0, 0x75, 0x50, 0x0A, 0x12, 0x15, 0x37, 0xEF, 0xF0, 0x05, 0x51,
    0x80, 0x4C, 0x80, 0x19, 0xE5, 0x4C, 0x90, 0x7F, 0xA6, 0xF0, 0x75, 0x50, 0x40, 0x80, 0x3F, 0x12,
    0x15, 0x2B, 0x44, 0x01, 0x90, 0x7F, 0xA6, 0xF0, 0x75, 0x50, 0x02, 0x80, 0x31, 0xE5, 0x4B, 0x90,
    0x7F, 0xA6, 0x80, 0x27, 0xE5, 0x4C, 0x90, 0x7F, 0xA6, 0xF0, 0x75, 0x50, 0x10, 0x80, 0x1F, 0xAF,
    0x51, 0x05, 0x51, 0xE5, 0x58, 0x2F, 0x12, 0x15, 0x40, 0xE0, 0x90, 0x7F, 0xA6, 0xF0, 0xE5, 0x51,
    0xB5, 0x4F, 0x0B, 0x75, 0x50, 0x11, 0x80, 0x06, 0x12, 0x15, 0x52, 0xF0, 0x05, 0x50, 0x53, 0x91,
    0xDF, 0xC2, 0x10, 0xD0, 0x07, 0xD0, 0x00, 0xD0, 0xD0, 0xD0, 0x82, 0xD0, 0x83, 0xD0, 0xE0, 0x32,
    0x30, 0xC1, 0x54, 0xC2, 0xC1, 0xD3, 0x90, 0x26, 0x2C, 0xE0, 0x94, 0x00, 0x90, 0x26, 0x2B, 0xE0,
    0x94, 0x00, 0x40, 0x3E, 0x90, 0x26, 0x37, 0x12, 0x0B, 0xA2, 0x92, 0x07, 0xA2, 0x05, 0x30, 0x07,
    0x01, 0xB3, 0x12, 0x0C, 0x61, 0x12, 0x0B, 0xCC, 0xF5, 0xC1, 0x90, 0x26, 0x3C, 0x12, 0x02, 0x65,
    0xC0, 0x03, 0xC0, 0x02, 0xC0, 0x01, 0x90, 0x26, 0x37, 0x12, 0x0B, 0xEE, 0xD0, 0x82, 0xD0, 0x83,
    0xD0, 0xE0, 0x12, 0x0C, 0x28, 0x40, 0x03, 0x12, 0x0C, 0x0E, 0x90, 0x26, 0x2B, 0x12, 0x0C, 0x32,
    0x80, 0x05, 0xE4, 0x90, 0x26, 0x27, 0xF0, 0x30, 0xC0, 0x77, 0xC2, 0xC0, 0xC3, 0x90, 0x26, 0x35,
    0xE0, 0x94, 0x01, 0x50, 0x65, 0x90, 0x26, 0x41, 0xE0, 0xFE, 0xA3, 0xE0, 0xF5, 0x82, 0x8E, 0x83,
    0xE5, 0xC1, 0xF0, 0x90, 0x26, 0x41, 0xE4, 0x75, 0xF0, 0x01, 0x12, 0x00, 0xC8, 0xE5, 0x1B, 0x60,
    0x1F, 0xAF, 0xC1, 0xEF, 0x12, 0x0B, 0xAB, 0x92, 0x07, 0xA2, 0x05, 0x30, 0x07, 0x01, 0xB3, 0x92,
    0x07, 0xA2, 0x07, 0x30, 0xC2, 0x01, 0xB3, 0x50, 0x07, 0x90, 0x26, 0x2A, 0xE0, 0x44, 0x02, 0xF0,
    0x90, 0x26, 0x46, 0x12, 0x02, 0x65, 0xC0, 0x03, 0xC0, 0x02, 0xC0, 0x01, 0x90, 0x26, 0x41, 0x12,
    0x0B, 0xEE, 0xD0, 0x82, 0xD0, 0x83, 0xD0, 0xE0, 0x12, 0x0C, 0x28, 0x40, 0x03, 0x12, 0x0B, 0xDA,
    0x90, 0x26, 0x35, 0xE4, 0x75, 0xF0, 0x01, 0x02, 0x00, 0xC8, 0x90, 0x26, 0x2A, 0xE0, 0x44, 0x01,
    0xF0, 0x22, 0x90, 0x26, 0x11, 0xE0, 0xFE, 0xA3, 0xE0, 0xF5, 0x82, 0x8E, 0x83, 0xE0, 0x90, 0x07,
    0xAA, 0x93, 0x24, 0xFF, 0x22, 0x90, 0x26, 0x1D, 0x12, 0x02, 0x65, 0xAF, 0x01, 0xEA, 0x90, 0x26,
    0x1B, 0xF0, 0xA3, 0xEF, 0xF0, 0x22, 0x92, 0x06, 0xA2, 0x06, 0x92, 0x9B, 0x90, 0x26, 0x11, 0xE4,
    0x75, 0xF0, 0x01, 0x12, 0x00, 0xDE, 0x85, 0xF0, 0x82, 0xF5, 0x83, 0xE0, 0x22, 0x90, 0x26, 0x43,
    0x12, 0x02, 0x65, 0xAF, 0x01, 0xEA, 0x90, 0x26, 0x41, 0xF0, 0xA3, 0xEF, 0xF0, 0x22, 0x90, 0x26,
    0x11, 0xE0, 0xFE, 0xA3, 0xE0, 0xAA, 0x06, 0xF9, 0xC3, 0x22, 0x90, 0x26, 0x13, 0x12, 0x02, 0x65,
    0x03, 0xFF, 0x0B, 0xFD, 0xAF, 0x01, 0xEA, 0x90, 0x26, 0x11, 0xF0, 0xA3, 0xEF, 0xF0, 0x22, 0x90,
    0x26, 0x7F, 0x02, 0x02, 0x65, 0x90, 0x26, 0x39, 0x12, 0x02, 0x65, 0xAF, 0x01, 0xEA, 0x90, 0x26,
    0x37, 0xF0, 0xA3, 0xEF, 0xF0, 0x22, 0xEE, 0xF0, 0xA3, 0xEF, 0xF0, 0xAA, 0x06, 0xF9, 0x22, 0xE9,
    0x95, 0x82, 0xEE, 0x95, 0x83, 0x22, 0x90, 0x26, 0x05, 0x74, 0xFF, 0xF5, 0xF0, 0x02, 0x00, 0xC8,
    0xE4, 0x75, 0xF0, 0x01, 0x02, 0x02, 0x6E, 0x90, 0x7F, 0x00, 0xE0, 0x44, 0x04, 0xF0, 0x22, 0x90,
    0x26, 0x6D, 0x02, 0x02, 0x65, 0x90, 0x7F, 0x00, 0xE0, 0x44, 0x02, 0xF0, 0x22, 0xF5, 0x83, 0xE4,
    0x93, 0xFE, 0xEF, 0x25, 0xE0, 0x25, 0xE0, 0x22, 0x92, 0x07, 0xA2, 0x07, 0x92, 0xC3, 0x90, 0x26,
    0x37, 0x22, 0x30, 0x99, 0x48, 0xC2, 0x99, 0xD3, 0x90, 0x26, 0x06, 0xE0, 0x94, 0x00, 0x90, 0x26,
    0x05, 0xE0, 0x94, 0x00, 0x40, 0x32, 0x12, 0x0B, 0x9F, 0x92, 0x06, 0xA2, 0x04, 0x30, 0x06, 0x01,
    0xB3, 0x12, 0x0B, 0xC3, 0xF5, 0x99, 0x90, 0x26, 0x16, 0x12, 0x02, 0x65, 0xC0, 0x03, 0xC0, 0x02,
    0xC0, 0x01, 0x12, 0x0B, 0xEB, 0xD0, 0x82, 0xD0, 0x83, 0xD0, 0xE0, 0x12, 0x0C, 0x28, 0x40, 0x03,
    0x12, 0x0B, 0xF7, 0x12, 0x0C, 0x2F, 0x80, 0x05, 0xE4, 0x90, 0x26, 0x01, 0xF0, 0x30, 0x98, 0x77,
    0xC2, 0x98, 0xC3, 0x90, 0x26, 0x0F, 0xE0, 0x94, 0x01, 0x50, 0x65, 0x90, 0x26, 0x1B, 0xE0, 0xFE,
    0xA3, 0xE0, 0xF5, 0x82, 0x8E, 0x83, 0xE5, 0x99, 0xF0, 0x90, 0x26, 0x1B, 0xE4, 0x75, 0xF0, 0x01,
    0x12, 0x00, 0xC8, 0xE5, 0x1A, 0x60, 0x1F, 0xAF, 0x99, 0xEF, 0x12, 0x0B, 0xAB, 0x92, 0x06, 0xA2,
    0x04, 0x30, 0x06, 0x01, 0xB3, 0x92, 0x06, 0xA2, 0x06, 0x30, 0x9A, 0x01, 0xB3, 0x50, 0x07, 0x90,
    0x26, 0x04, 0xE0, 0x44, 0x02, 0xF0, 0x90, 0x26, 0x20, 0x12, 0x02, 0x65, 0xC0, 0x03, 0xC0, 0x02,
    0xC0, 0x01, 0x90, 0x26, 0x1B, 0x12, 0x0B, 0xEE, 0xD0, 0x82, 0xD0, 0x83, 0xD0, 0xE0, 0x12, 0x0C,
    0x28, 0x40, 0x03, 0x12, 0x0B, 0xB2, 0x90, 0x26, 0x0F, 0xE4, 0x75, 0xF0, 0x01, 0x02, 0x00, 0xC8,
    0x90, 0x26, 0x04, 0xE0, 0x44, 0x01, 0xF0, 0x22, 0xC2, 0xAC, 0x90, 0x26, 0x01, 0xE0, 0x70, 0x40,
    0x90, 0x26, 0x05, 0xE0, 0x70, 0x02, 0xA3, 0xE0, 0x60, 0x36, 0x90, 0x26, 0x01, 0x74, 0x01, 0xF0,
    0x12, 0x0B, 0x9F, 0x92, 0x06, 0xA2, 0x04, 0x30, 0x06, 0x01, 0xB3, 0x12, 0x0B, 0xC3, 0xF5, 0x99,
    0x90, 0x26, 0x16, 0x12, 0x02, 0x65, 0xC0, 0x03, 0xC0, 0x02, 0xC0, 0x01, 0x12, 0x0B, 0xEB, 0xD0,
    0x82, 0xD0, 0x83, 0xD0, 0xE0, 0x12, 0x0C, 0x28, 0x40, 0x03, 0x12, 0x0B, 0xF7, 0x12, 0x0C, 0x2F,
    0xD2, 0xAC, 0xC2, 0xAE, 0x90, 0x26, 0x27, 0xE0, 0x70, 0x4C, 0x90, 0x26, 0x2B, 0xE0, 0x70, 0x02,
    0xA3, 0xE0, 0x60, 0x42, 0x90, 0x26, 0x27, 0x74, 0x01, 0xF0, 0x90, 0x26, 0x37, 0x12, 0x0B, 0xA2,
    0x92, 0x07, 0xA2, 0x05, 0x30, 0x07, 0x01, 0xB3, 0x12, 0x0C, 0x61, 0x12, 0x0B, 0xCC, 0xF5, 0xC1,
    0x90, 0x26, 0x3C, 0x12, 0x02, 0x65, 0xC0, 0x03, 0xC0, 0x02, 0xC0, 0x01, 0x90, 0x26, 0x37, 0x12,
    0x0B, 0xEE, 0xD0, 0x82, 0xD0, 0x83, 0xD0, 0xE0, 0x12, 0x0C, 0x28, 0x40, 0x03, 0x12, 0x0C, 0x0E,
    0x90, 0x26, 0x2B, 0x12, 0x0C, 0x32, 0xD2, 0xAE, 0xE5, 0x3A, 0x45, 0x39, 0x60, 0x09, 0x7B, 0x00,
    0x7A, 0x00, 0x79, 0x31, 0x12, 0x0D, 0xF0, 0xE5, 0x45, 0x45, 0x44, 0x60, 0x09, 0x7B, 0x00, 0x7A,
    0x00, 0x79, 0x3C, 0x12, 0x0D, 0xF0, 0x22, 0x90, 0x00, 0x0A, 0x12, 0x00, 0x67, 0x60, 0x02, 0xC3,
    0x22, 0x12, 0x00, 0xF4, 0xF5, 0x82, 0x85, 0xF0, 0x83, 0xE0, 0x20, 0xE1, 0xF4, 0x90, 0x00, 0x0A,
    0x74, 0x01, 0x12, 0x00, 0xA6, 0x90, 0x00, 0x08, 0x12, 0x01, 0x1F, 0xFF, 0xAE, 0xF0, 0xD3, 0x94,
    0x40, 0xEE, 0x94, 0x00, 0x40, 0x12, 0x75, 0x47, 0x40, 0x90, 0x00, 0x08, 0x74, 0xFF, 0x75, 0xF0,
    0xC0, 0x12, 0x01, 0xA3, 0xC2, 0x0F, 0x80, 0x0D, 0x8F, 0x47, 0x90, 0x00, 0x08, 0xE4, 0xF5, 0xF0,
    0x12, 0x02, 0x0F, 0xD2, 0x0F, 0x85, 0x47, 0x28, 0x90, 0x00, 0x04, 0x12, 0x01, 0x1F, 0x85, 0xF0,
    0x29, 0xF5, 0x2A, 0x90, 0x00, 0x06, 0x12, 0x01, 0x1F, 0x85, 0xF0, 0x2B, 0xF5, 0x2C, 0xAF, 0x28,
    0x15, 0x28, 0xEF, 0x60, 0x24, 0x05, 0x2A, 0xE5, 0x2A, 0xAE, 0x29, 0x70, 0x02, 0x05, 0x29, 0x14,
    0xF5, 0x82, 0x8E, 0x83, 0xE0, 0xFF, 0x05, 0x2C, 0xE5, 0x2C, 0xAC, 0x2B, 0x70, 0x02, 0x05, 0x2B,
    0x14, 0xF5, 0x82, 0x8C, 0x83, 0xEF, 0xF0, 0x80, 0xD5, 0x90, 0x00, 0x04, 0xE5, 0x29, 0x85, 0x2A,
    0xF0, 0x12, 0x02, 0x0F, 0x90, 0x00, 0x02, 0x12, 0x01, 0x1F, 0xF5, 0x82, 0x85, 0xF0, 0x83, 0xE5,
    0x47, 0xF0, 0xA2, 0x0F, 0x22, 0xE4, 0xF5, 0x0F, 0x75, 0x09, 0x02, 0x75, 0x0A, 0x02, 0x75, 0x0B,
    0x01, 0x75, 0x0C, 0x01, 0xF5, 0x1A, 0xF5, 0x1B, 0x12, 0x11, 0x56, 0x12, 0x11, 0xBF, 0x7F, 0xB8,
    0x75, 0x31, 0x7F, 0x75, 0x32, 0xB8, 0x0F, 0x75, 0x33, 0x7F, 0x8F, 0x34, 0x75, 0x37, 0x7E, 0x75,
    0x38, 0x00, 0x7F, 0xBA, 0x75, 0x3C, 0x7F, 0x75, 0x3D, 0xBA, 0x0F, 0x75, 0x3E, 0x7F, 0x8F, 0x3F,
    0x7E, 0x7D, 0x75, 0x42, 0x7D, 0x75, 0x43, 0x80, 0xD2, 0xDF, 0x7D, 0x30, 0xE4, 0xFF, 0x12, 0x00,
    0x26, 0xAF, 0x09, 0x12, 0x17, 0xB6, 0xAF, 0x0A, 0x12, 0x17, 0x2D, 0x75, 0x98, 0x10, 0x75, 0xC0,
    0x10, 0x12, 0x18, 0xBF, 0x12, 0x18, 0xD7, 0x7B, 0xFF, 0x7A, 0x0C, 0x79, 0x6B, 0x12, 0x1A, 0x44,
    0x7A, 0x0A, 0x79, 0xCD, 0x12, 0x1A, 0x4B, 0xD2, 0xAC, 0xD2, 0xAE, 0x43, 0x98, 0x03, 0x43, 0xC0,
    0x03, 0xD2, 0xAF, 0x90, 0x26, 0x0F, 0xE0, 0x70, 0x02, 0xA3, 0xE0, 0x60, 0xF6, 0xE4, 0x90, 0x26,
    0x0F, 0xF0, 0xA3, 0xF0, 0x12, 0x0B, 0xB2, 0x90, 0x26, 0x35, 0xE0, 0x70, 0x02, 0xA3, 0xE0, 0x60,
    0xF6, 0xE4, 0x90, 0x26, 0x35, 0xF0, 0xA3, 0xF0, 0x12, 0x0B, 0xDA, 0xC2, 0xAF, 0x22, 0x90, 0x26,
    0x6D, 0x12, 0x02, 0x85, 0x90, 0x26, 0x70, 0xED, 0xF0, 0xC2, 0xAF, 0xFF, 0x90, 0x00, 0x08, 0xE4,
    0x8F, 0xF0, 0x12, 0x01, 0xA3, 0xD2, 0xAF, 0x90, 0x00, 0x18, 0x12, 0x01, 0x1F, 0x85, 0xF0, 0x0D,
    0xF5, 0x0E, 0x90, 0x26, 0x70, 0xE0, 0xFF, 0x14, 0xF0, 0xEF, 0x60, 0x48, 0xA3, 0x12, 0x0C, 0x39,
    0x12, 0x00, 0x4E, 0xFF, 0x05, 0x0E, 0xE5, 0x0E, 0xAC, 0x0D, 0x70, 0x02, 0x05, 0x0D, 0x14, 0xF5,
    0x82, 0x8C, 0x83, 0xEF, 0xF0, 0x12, 0x0C, 0x48, 0x90, 0x00, 0x15, 0x12, 0x02, 0x8E, 0xEB, 0x8A,
    0x83, 0x89, 0x82, 0x64, 0x01, 0x70, 0x0A, 0xE5, 0x0E, 0x65, 0x82, 0x70, 0x04, 0xE5, 0x0D, 0x65,
    0x83, 0x70, 0xBF, 0x12, 0x0C, 0x48, 0x90, 0x00, 0x12, 0x12, 0x02, 0x8E, 0xAF, 0x01, 0x8A, 0x0D,
    0x8F, 0x0E, 0x80, 0xAE, 0x12, 0x0C, 0x48, 0x90, 0x00, 0x18, 0xE5, 0x0D, 0x85, 0x0E, 0xF0, 0x12,
    0x02, 0x0F, 0x90, 0x00, 0x06, 0x12, 0x01, 0x1F, 0xFF, 0xAE, 0xF0, 0x90, 0x00, 0x08, 0x12, 0x01,
    0x1F, 0xFD, 0xAC, 0xF0, 0xC3, 0x9F, 0xEC, 0x9E, 0x40, 0x0C, 0x12, 0x0C, 0x48, 0x90, 0x00, 0x04,
    0xEC, 0x8D, 0xF0, 0x12, 0x01, 0xA3, 0x22, 0xEF, 0x70, 0x05, 0x8D, 0x1A, 0x02, 0x18, 0xBF, 0xAF,
    0x05, 0x8F, 0x1B, 0x03, 0xFF, 0x0F, 0xFC, 0x12, 0x18, 0xD7, 0x22, 0x90, 0x26, 0x7F, 0xEF, 0xF0,
    0xA3, 0xEC, 0xF0, 0xA3, 0xED, 0xF0, 0xAF, 0x03, 0xAE, 0x02, 0x20, 0x10, 0xFD, 0x90, 0x7F, 0x00,
    0xE5, 0x50, 0xF0, 0xE0, 0x70, 0x60, 0xE5, 0x27, 0x45, 0x26, 0x45, 0x25, 0x60, 0x07, 0x90, 0x7F,
    0x00, 0x74, 0x07, 0xF0, 0x22, 0x90, 0x26, 0x7F, 0xE0, 0xFD, 0x70, 0x1C, 0xD3, 0xEF, 0x94, 0x08,
    0xEE, 0x94, 0x00, 0x40, 0x02, 0x80, 0x1A, 0x75, 0x54, 0x55, 0x75, 0x53, 0x08, 0x75, 0x4D, 0x7F,
    0x75, 0x4E, 0xC9, 0x75, 0x50, 0x51, 0x80, 0x1F, 0xD3, 0xEF, 0x94, 0x20, 0xEE, 0x94, 0x00, 0x40,
    0x07, 0x90, 0x7F, 0x00, 0x74, 0xFF, 0xF0, 0x22, 0x75, 0x54, 0x51, 0x75, 0x53, 0x20, 0x75, 0x4D,
    0x7F, 0x75, 0x4E, 0xC7, 0x75, 0x50, 0x62, 0xE4, 0xF5, 0x52, 0x90, 0x26, 0x80, 0xE0, 0xF5, 0x4B,
    0xA3, 0xE0, 0xF5, 0x4C, 0x8D, 0x56, 0x22, 0xAA, 0x07, 0x20, 0x10, 0xFD, 0x90, 0x7F, 0x00, 0xE5,
    0x50, 0xF0, 0xE0, 0x70, 0x5F, 0xEA, 0x70, 0x20, 0x75, 0x54, 0x55, 0x7F, 0xB8, 0x90, 0x26, 0x85,
    0x74, 0x7F, 0xF0, 0xA3, 0x74, 0xB8, 0xF0, 0x74, 0x7F, 0x12, 0x15, 0x59, 0x74, 0x7E, 0xF0, 0xA3,
    0x74, 0x00, 0xF0, 0x75, 0x50, 0x21, 0x80, 0x1E, 0x75, 0x54, 0x51, 0x7F, 0xB6, 0x90, 0x26, 0x85,
    0x74, 0x7F, 0xF0, 0xA3, 0x74, 0xB6, 0xF0, 0x74, 0x7F, 0x12, 0x15, 0x59, 0x74, 0x7E, 0xF0, 0xA3,
    0x74, 0x80, 0xF0, 0x75, 0x50, 0x31, 0xAF, 0x03, 0x8F, 0x4F, 0x75, 0x57, 0x26, 0x75, 0x58, 0x4D,
    0xE4, 0xF5, 0x51, 0x8C, 0x4B, 0x8D, 0x4C, 0xAF, 0x02, 0x8F, 0x56, 0x75, 0x25, 0xFF, 0x75, 0x26,
    0x17, 0x75, 0x27, 0x76, 0x22, 0x12, 0x01, 0x00, 0x01, 0x60, 0x01, 0x00, 0x40, 0xA3, 0x0C, 0x03,
    0x00, 0x10, 0x01, 0x01, 0x02, 0x00, 0x01, 0x09, 0x02, 0x3C, 0x00, 0x01, 0x01, 0x00, 0x80, 0x96,
    0x09, 0x04, 0x00, 0x00, 0x06, 0xFF, 0x00, 0x00, 0x00, 0x07, 0x05, 0x01, 0x02, 0x40, 0x00, 0x00,
    0x07, 0x05, 0x02, 0x02, 0x40, 0x00, 0x00, 0x07, 0x05, 0x03, 0x02, 0x40, 0x00, 0x00, 0x07, 0x05,
    0x81, 0x02, 0x40, 0x00, 0x00, 0x07, 0x05, 0x82, 0x02, 0x40, 0x00, 0x00, 0x07, 0x05, 0x83, 0x02,
    0x40, 0x00, 0x00, 0x04, 0x03, 0x00, 0x00, 0x0A, 0x03, 0x53, 0x00, 0x45, 0x00, 0x47, 0x00, 0x41,
    0x00, 0x0E, 0x03, 0x42, 0x00, 0x41, 0x00, 0x53, 0x00, 0x45, 0x00, 0x42, 0x00, 0x44, 0x00, 0x00,
    0x00, 0x7B, 0x01, 0x7A, 0x26, 0x79, 0x01, 0x90, 0x26, 0x7C, 0x12, 0x02, 0x85, 0x7F, 0x26, 0xAE,
    0x07, 0x1F, 0xEE, 0x60, 0x0C, 0x90, 0x26, 0x7C, 0x12, 0x0C, 0x39, 0xE4, 0x12, 0x00, 0x94, 0x80,
    0xEE, 0x7E, 0x22, 0x7F, 0x01, 0x90, 0x26, 0x19, 0x12, 0x0C, 0x1F, 0x7B, 0x01, 0x90, 0x26, 0x13,
    0x12, 0x02, 0x85, 0xEE, 0x12, 0x0C, 0x00, 0x7E, 0x20, 0x7F, 0x01, 0x90, 0x26, 0x23, 0x12, 0x0C,
    0x1F, 0x90, 0x26, 0x1D, 0x12, 0x02, 0x85, 0xEE, 0x12, 0x0B, 0xBB, 0x7A, 0x23, 0x79, 0x01, 0x90,
    0x26, 0x16, 0x12, 0x02, 0x85, 0x7A, 0x21, 0x79, 0x01, 0x90, 0x26, 0x20, 0x12, 0x02, 0x85, 0x90,
    0x26, 0x25, 0x74, 0x24, 0xF0, 0xA3, 0x74, 0x01, 0xF0, 0x22, 0x7B, 0x01, 0x7A, 0x26, 0x79, 0x27,
    0x90, 0x26, 0x7C, 0x12, 0x02, 0x85, 0x7F, 0x26, 0xAE, 0x07, 0x1F, 0xEE, 0x60, 0x0C, 0x90, 0x26,
    0x7C, 0x12, 0x0C, 0x39, 0xE4, 0x12, 0x00, 0x94, 0x80, 0xEE, 0x7E, 0x23, 0x7F, 0x01, 0x90, 0x26,
    0x3F, 0x12, 0x0C, 0x1F, 0x7B, 0x01, 0x90, 0x26, 0x39, 0x12, 0x02, 0x85, 0xEE, 0x12, 0x0C, 0x17,
    0x7E, 0x21, 0x7F, 0x01, 0x90, 0x26, 0x49, 0x12, 0x0C, 0x1F, 0x90, 0x26, 0x43, 0x12, 0x02, 0x85,
    0xEE, 0x12, 0x0B, 0xE3, 0x7A, 0x24, 0x79, 0x01, 0x90, 0x26, 0x3C, 0x12, 0x02, 0x85, 0x7A, 0x22,
    0x79, 0x01, 0x90, 0x26, 0x46, 0x12, 0x02, 0x85, 0x90, 0x26, 0x4B, 0x74, 0x25, 0xF0, 0xA3, 0x74,
    0x01, 0xF0, 0x22, 0x90, 0x7F, 0xEC, 0xE0, 0xF4, 0x54, 0x80, 0xC4, 0x54, 0x0F, 0xFF, 0xE0, 0x54,
    0x07, 0x2F, 0x25, 0xE0, 0x24, 0xB4, 0xF5, 0x82, 0xE4, 0x34, 0x7F, 0xF5, 0x83, 0x22, 0x90, 0x26,
    0x74, 0x12, 0x02, 0x4D, 0xAB, 0x65, 0xAA, 0x64, 0xA9, 0x63, 0xA8, 0x62, 0xC3, 0x02, 0x02, 0x3C,
    0xAA, 0x06, 0xA9, 0x07, 0x7B, 0x01, 0x90, 0x26, 0x7C, 0x12, 0x02, 0x85, 0xEA, 0x49, 0x22, 0x90,
    0x26, 0x7C, 0x12, 0x02, 0x65, 0xEA, 0x90, 0x7F, 0xD4, 0xF0, 0xAF, 0x01, 0xEF, 0x22, 0xF5, 0x64,
    0xE4, 0x35, 0x63, 0xF5, 0x63, 0xE4, 0x35, 0x62, 0xF5, 0x62, 0x22, 0xE4, 0xF5, 0x65, 0xF5, 0x64,
    0xF5, 0x63, 0xF5, 0x62, 0x22, 0xA9, 0x07, 0xE4, 0xFE, 0xAC, 0x6D, 0xAD, 0x6E, 0x8D, 0x82, 0x8C,
    0x83, 0xA3, 0xE0, 0x64, 0x02, 0x70, 0x44, 0xAB, 0x06, 0x0E, 0xEB, 0xB5, 0x01, 0x05, 0xAF, 0x05,
    0xAE, 0x04, 0x22, 0x8D, 0x82, 0x8C, 0x83, 0xA3, 0xA3, 0xE0, 0xFB, 0xA3, 0xE0, 0x90, 0x26, 0x7F,
    0xCB, 0xF0, 0xA3, 0xEB, 0xF0, 0x90, 0x26, 0x7F, 0xE0, 0xFB, 0xA3, 0xE0, 0xFA, 0xEB, 0x6A, 0xFB,
    0x90, 0x26, 0x7F, 0xF0, 0xA3, 0xE0, 0x6B, 0xFB, 0xF0, 0x90, 0x26, 0x7F, 0xE0, 0x6B, 0xF0, 0xA3,
    0xE0, 0x2D, 0xFD, 0x90, 0x26, 0x7F, 0xE0, 0x3C, 0xFC, 0x80, 0xB2, 0xE4, 0xFE, 0xFF, 0x22, 0xC0,
    0xE0, 0xC0, 0xF0, 0xC0, 0x83, 0xC0, 0x82, 0xC0, 0xD0, 0x75, 0xD0, 0x00, 0xC0, 0x00, 0xC0, 0x01,
    0xC0, 0x02, 0xC0, 0x03, 0xC0, 0x04, 0xC0, 0x05, 0xC0, 0x06, 0xC0, 0x07, 0x90, 0x7F, 0xC9, 0x7A,
    0x7D, 0x79, 0xC0, 0x12, 0x15, 0xB9, 0x7A, 0x26, 0x79, 0x01, 0x12, 0x0F, 0x47, 0x90, 0x7F, 0xC9,
    0xE4, 0xF0, 0x12, 0x15, 0xCA, 0x74, 0x04, 0xF0, 0xD0, 0x07, 0xD0, 0x06, 0xD0, 0x05, 0xD0, 0x04,
    0xD0, 0x03, 0xD0, 0x02, 0xD0, 0x01, 0xD0, 0x00, 0xD0, 0xD0, 0xD0, 0x82, 0xD0, 0x83, 0xD0, 0xF0,
    0xD0, 0xE0, 0x32, 0xC0, 0xE0, 0xC0, 0xF0, 0xC0, 0x83, 0xC0, 0x82, 0xC0, 0xD0, 0x75, 0xD0, 0x00,
    0xC0, 0x00, 0xC0, 0x01, 0xC0, 0x02, 0xC0, 0x03, 0xC0, 0x04, 0xC0, 0x05, 0xC0, 0x06, 0xC0, 0x07,
    0x90, 0x7F, 0xCB, 0x7A, 0x7D, 0x79, 0x40, 0x12, 0x15, 0xB9, 0x7A, 0x26, 0x79, 0x27, 0x12, 0x0F,
    0x47, 0x12, 0x15, 0xCA, 0x74, 0x08, 0xF0, 0x90, 0x7F, 0xCB, 0xE4, 0xF0, 0xD0, 0x07, 0xD0, 0x06,
    0xD0, 0x05, 0xD0, 0x04, 0xD0, 0x03, 0xD0, 0x02, 0xD0, 0x01, 0xD0, 0x00, 0xD0, 0xD0, 0xD0, 0x82,
    0xD0, 0x83, 0xD0, 0xF0, 0xD0, 0xE0, 0x32, 0x20, 0x10, 0xFD, 0xE5, 0x50, 0x64, 0x07, 0x60, 0x05,
    0xE5, 0x50, 0xB4, 0xFF, 0x03, 0x12, 0x15, 0x48, 0xE5, 0x50, 0x64, 0x12, 0x70, 0x3B, 0xC2, 0xE9,
    0x90, 0x7F, 0xA5, 0xE0, 0x20, 0xE6, 0xF9, 0x12, 0x15, 0x2B, 0x90, 0x7F, 0xA6, 0xF0, 0x90, 0x7F,
    0xA5, 0xE0, 0x30, 0xE0, 0xF9, 0x12, 0x15, 0x52, 0xF0, 0x90, 0x7F, 0xA5, 0xE0, 0x20, 0xE6, 0xF9,
    0x90, 0x7F, 0xA5, 0xE0, 0x30, 0xE1, 0xE0, 0xD2, 0xE9, 0x85, 0x4E, 0x82, 0x85, 0x4D, 0x83, 0xE4,
    0xF0, 0xF5, 0x25, 0xF5, 0x26, 0xF5, 0x27, 0xF5, 0x50, 0x22, 0xC0, 0xE0, 0xC0, 0xF0, 0xC0, 0x83,
    0xC0, 0x82, 0xC0, 0xD0, 0x75, 0xD0, 0x00, 0xC0, 0x00, 0xC0, 0x01, 0xC0, 0x02, 0xC0, 0x03, 0xC0,
    0x04, 0xC0, 0x05, 0xC0, 0x06, 0xC0, 0x03, 0xFF, 0x13, 0xFB, 0x07, 0x90, 0x7F, 0xC7, 0xE0, 0xFF,
    0x7C, 0x7E, 0x7D, 0x40, 0x12, 0x16, 0x6F, 0x12, 0x15, 0xCA, 0x74, 0x02, 0xF0, 0xD0, 0x07, 0xD0,
    0x06, 0xD0, 0x05, 0xD0, 0x04, 0xD0, 0x03, 0xD0, 0x02, 0xD0, 0x01, 0xD0, 0x00, 0xD0, 0xD0, 0xD0,
    0x82, 0xD0, 0x83, 0xD0, 0xF0, 0xD0, 0xE0, 0x32, 0x90, 0x7F, 0xD6, 0xE0, 0x44, 0x08, 0xF0, 0xE4,
    0xF5, 0x68, 0xE0, 0x54, 0xFB, 0xF0, 0xE4, 0xF5, 0x69, 0xE0, 0x44, 0x08, 0xF0, 0x30, 0x0E, 0x04,
    0xE0, 0x44, 0x02, 0xF0, 0x7F, 0xDC, 0x7E, 0x05, 0x12, 0x18, 0x3D, 0x90, 0x7F, 0xAB, 0x74, 0xFF,
    0xF0, 0x90, 0x7F, 0xA9, 0xF0, 0x90, 0x7F, 0xAA, 0xF0, 0x53, 0x91, 0xEF, 0x90, 0x7F, 0xD6, 0xE0,
    0x54, 0xF7, 0xF0, 0xE4, 0xF5, 0x6A, 0xE0, 0x44, 0x04, 0xF0, 0x22, 0xC0, 0xE0, 0xC0, 0xF0, 0xC0,
    0x83, 0xC0, 0x82, 0xC0, 0xD0, 0x75, 0xD0, 0x00, 0xC0, 0x00, 0xC0, 0x01, 0xC0, 0x02, 0xC0, 0x03,
    0xC0, 0x04, 0xC0, 0x05, 0xC0, 0x06, 0xC0, 0x07, 0xAA, 0x5A, 0xA9, 0x5B, 0x12, 0x02, 0xE4, 0xC2,
    0x8D, 0xD0, 0x07, 0xD0, 0x06, 0xD0, 0x05, 0xD0, 0x04, 0xD0, 0x03, 0xD0, 0x02, 0xD0, 0x01, 0xD0,
    0x00, 0xD0, 0xD0, 0xD0, 0x82, 0xD0, 0x83, 0xD0, 0xF0, 0xD0, 0xE0, 0x32, 0xC0, 0xE0, 0xC0, 0xF0,
    0xC0, 0x83, 0xC0, 0x82, 0xC0, 0xD0, 0x75, 0xD0, 0x00, 0xC0, 0x00, 0xC0, 0x01, 0xC0, 0x02, 0xC0,
    0x03, 0xC0, 0x04, 0xC0, 0x05, 0xC0, 0x06, 0xC0, 0x07, 0xAA, 0x15, 0xA9, 0x16, 0x12, 0x02, 0xE4,
    0xD0, 0x07, 0xD0, 0x06, 0xD0, 0x05, 0xD0, 0x04, 0xD0, 0x03, 0xD0, 0x02, 0xD0, 0x01, 0xD0, 0x00,
    0xD0, 0xD0, 0xD0, 0x82, 0xD0, 0x83, 0xD0, 0xF0, 0xD0, 0xE0, 0x32, 0xC0, 0xE0, 0xC0, 0xF0, 0xC0,
    0x83, 0xC0, 0x82, 0xC0, 0xD0, 0x75, 0xD0, 0x00, 0xC0, 0x00, 0xC0, 0x01, 0xC0, 0x02, 0xC0, 0x03,
    0xC0, 0x04, 0xC0, 0x05, 0xC0, 0x06, 0xC0, 0x07, 0xAA, 0x18, 0xA9, 0x19, 0x12, 0x02, 0xE4, 0xD0,
    0x07, 0xD0, 0x06, 0xD0, 0x05, 0xD0, 0x04, 0xD0, 0x03, 0xD0, 0x02, 0xD0, 0x01, 0xD0, 0x00, 0xD0,
    0xD0, 0xD0, 0x82, 0xD0, 0x83, 0xD0, 0xF0, 0xD0, 0xE0, 0x32, 0x90, 0x7F, 0xA5, 0xE0, 0x44, 0x80,
    0xF0, 0xE5, 0x54, 0x25, 0xE0, 0x22, 0x90, 0x7F, 0xA6, 0xE0, 0xFF, 0xE5, 0x58, 0x25, 0x51, 0xF5,
    0x82, 0xE4, 0x35, 0x57, 0xF5, 0x83, 0x22, 0x75, 0x25, 0x00, 0x75, 0x26, 0x00, 0x75, 0x27, 0x00,
    0x22, 0x90, 0x7F, 0xA5, 0xE0, 0x44, 0x40, 0x22, 0x0F, 0xA3, 0xF0, 0xA3, 0xEF, 0xF0, 0x90, 0x26,
    0x8B, 0x22, 0x75, 0x25, 0x00, 0x75, 0x26, 0x00, 0x75, 0x27, 0x00, 0x75, 0x2D, 0xFF, 0x75, 0x2E,
    0x0D, 0x75, 0x2F, 0x31, 0x90, 0x7F, 0xDE, 0xE0, 0x44, 0x0E, 0xF0, 0x90, 0x7F, 0xDF, 0xE0, 0x44,
    0x0E, 0xF0, 0x90, 0x7F, 0xAD, 0xE0, 0x44, 0x0E, 0xF0, 0x90, 0x7F, 0xAC, 0xE0, 0x44, 0x0E, 0xF0,
    0x90, 0x26, 0x91, 0x74, 0x01, 0xF0, 0xD2, 0x0A, 0x22, 0x90, 0x7F, 0xEB, 0xE0, 0xFF, 0x90, 0x7F,
    0xEA, 0xE0, 0xFD, 0x22, 0x53, 0x91, 0xEF, 0x90, 0x7F, 0xAB, 0x22, 0xE0, 0x90, 0x7F, 0x00, 0xF0,
    0x90, 0x7F, 0xB5, 0x74, 0x01, 0xF0, 0xD3, 0x22, 0xE0, 0xFD, 0x7B, 0x01, 0x90, 0x26, 0x71, 0x02,
    0x02, 0x85, 0x53, 0x91, 0xEF, 0x90, 0x7F, 0xA9, 0x22, 0x53, 0x91, 0xEF, 0x90, 0x7F, 0xAA, 0x22,
    0xAC, 0x6F, 0xAD, 0x70, 0x8D, 0x82, 0x8C, 0x83, 0xA3, 0xE0, 0x64, 0x03, 0x70, 0x19, 0xAE, 0x07,
    0x1F, 0xEE, 0x70, 0x05, 0xAF, 0x05, 0xAE, 0x04, 0x22, 0x8D, 0x82, 0x8C, 0x83, 0xE0, 0x7A, 0x00,
    0x2D, 0xFD, 0xEA, 0x3C, 0xFC, 0x80, 0xDD, 0xE4, 0xFE, 0xFF, 0x22, 0xD3, 0x22, 0xD3, 0x22, 0x02,
    0x00, 0x0E, 0x00, 0x02, 0x19, 0x6C, 0x00, 0x02, 0x19, 0x59, 0x00, 0x02, 0x19, 0x1B, 0x00, 0x02,
    0x16, 0xA2, 0x00, 0x02, 0x00, 0x32, 0x00, 0x02, 0x00, 0x3A, 0x00, 0x02, 0x00, 0x42, 0x00, 0x02,
    0x18, 0xA7, 0x00, 0x02, 0x13, 0xDF, 0x00, 0x02, 0x18, 0xEF, 0x00, 0x02, 0x12, 0xE4, 0x00, 0x02,
    0x19, 0x05, 0x00, 0x02, 0x13, 0x38, 0x00, 0xC2, 0xAF, 0xE4, 0xF5, 0xA8, 0xF5, 0xE8, 0x75, 0xB8,
    0x50, 0xF5, 0xF8, 0x90, 0x7F, 0x93, 0xF0, 0x90, 0x7F, 0x94, 0x74, 0x0C, 0xF0, 0x90, 0x7F, 0x95,
    0x74, 0x07, 0xF0, 0xE4, 0x90, 0x7F, 0x97, 0xF0, 0x90, 0x7F, 0x9C, 0xF0, 0x90, 0x7F, 0x9D, 0x74,
    0x02, 0xF0, 0x90, 0x7F, 0x9E, 0x74, 0x40, 0xF0, 0xE4, 0x90, 0x7F, 0x97, 0xF0, 0x22, 0x8F, 0x4F,
    0xEF, 0xD3, 0x95, 0x53, 0x40, 0x03, 0x85, 0x53, 0x4F, 0xE4, 0xF5, 0x51, 0xE5, 0x56, 0x70, 0x05,
    0x75, 0x50, 0x51, 0x80, 0x03, 0x75, 0x50, 0x62, 0xAE, 0x04, 0xAF, 0x05, 0x8E, 0x57, 0x8F, 0x58,
    0x12, 0x15, 0x2B, 0x90, 0x7F, 0xA6, 0xF0, 0x75, 0x25, 0xFF, 0x75, 0x26, 0x13, 0x75, 0x27, 0x8C,
    0x22, 0xC0, 0xE0, 0xC0, 0x83, 0xC0, 0x82, 0x90, 0x7F, 0xC7, 0xE4, 0xF0, 0x90, 0x7F, 0xC9, 0xF0,
    0x90, 0x7F, 0xCB, 0xF0, 0x90, 0x7F, 0xCD, 0xF0, 0x90, 0x7F, 0xCF, 0xF0, 0x90, 0x7F, 0xD1, 0xF0,
    0x90, 0x7F, 0xD3, 0xF0, 0x12, 0x15, 0xA5, 0x74, 0x10, 0xF0, 0xD0, 0x82, 0xD0, 0x83, 0xD0, 0xE0,
    0x32, 0x90, 0x00, 0x04, 0x12, 0x01, 0x1F, 0x45, 0xF0, 0x70, 0x11, 0x90, 0x00, 0x08, 0xF5, 0xF0,
    0x12, 0x02, 0x0F, 0x90, 0x00, 0x06, 0xEC, 0x8D, 0xF0, 0x02, 0x02, 0x0F, 0xD3, 0xED, 0x94, 0x00,
    0xEC, 0x94, 0x01, 0x40, 0x04, 0x12, 0x0C, 0x4E, 0x22, 0x90, 0x7F, 0x01, 0xE0, 0x44, 0x01, 0xF0,
    0x22, 0x90, 0x26, 0x7F, 0xED, 0xF0, 0xC3, 0x94, 0x00, 0x40, 0x08, 0xE0, 0xFE, 0x74, 0x07, 0xD3,
    0x9E, 0x50, 0x04, 0x12, 0x0C, 0x4E, 0x22, 0xEF, 0x90, 0x26, 0x7F, 0x70, 0x07, 0xE0, 0xFF, 0xF5,
    0x09, 0x02, 0x17, 0xB6, 0xE0, 0xFF, 0xF5, 0x0A, 0x12, 0x17, 0x2D, 0x22, 0xEF, 0x25, 0xE0, 0x25,
    0xE0, 0x24, 0xAA, 0xF5, 0x82, 0xE4, 0x34, 0x08, 0x12, 0x0C, 0x56, 0x24, 0xAB, 0xF5, 0x82, 0xE4,
    0x34, 0x08, 0xF5, 0x83, 0xE4, 0x93, 0xAB, 0x06, 0x90, 0x26, 0x83, 0xF0, 0x7D, 0x01, 0x7F, 0x02,
    0x02, 0x18, 0x59, 0x20, 0x10, 0xFD, 0xE5, 0x50, 0x24, 0xF9, 0x60, 0x15, 0x24, 0x08, 0x60, 0x11,
    0x24, 0xF5, 0x70, 0x10, 0xE4, 0xF5, 0x50, 0x75, 0x25, 0xFF, 0x75, 0x26, 0x17, 0x75, 0x27, 0x96,
    0x22, 0x12, 0x15, 0x48, 0x22, 0x20, 0x10, 0xFD, 0xE5, 0x56, 0x70, 0x05, 0x75, 0x50, 0x21, 0x80,
    0x03, 0x75, 0x50, 0x31, 0x12, 0x15, 0x2B, 0x90, 0x7F, 0xA6, 0xF0, 0x75, 0x25, 0xFF, 0x75, 0x26,
    0x17, 0x75, 0x27, 0x54, 0x22, 0x90, 0x26, 0x89, 0x74, 0x26, 0xF0, 0xA3, 0x74, 0x4D, 0xF0, 0x90,
    0x26, 0x8D, 0xE4, 0xF0, 0xA3, 0xE5, 0x4F, 0xF0, 0xE4, 0xA3, 0xF0, 0x75, 0x25, 0xFF, 0x75, 0x26,
    0x19, 0x75, 0x27, 0x7F, 0x22, 0xEF, 0x25, 0xE0, 0x25, 0xE0, 0x24, 0xAC, 0xF5, 0x82, 0xE4, 0x34,
    0x08, 0x12, 0x0C, 0x56, 0x24, 0xAD, 0xF5, 0x82, 0xE4, 0x34, 0x08, 0xF5, 0x83, 0xE4, 0x93, 0xFD,
    0xAF, 0x06, 0x02, 0x1A, 0x0A, 0x8F, 0x0F, 0xEF, 0x70, 0x03, 0x12, 0x19, 0x45, 0xEF, 0xB4, 0x01,
    0x08, 0x90, 0x7F, 0x98, 0xE0, 0x44, 0x40, 0xF0, 0x22, 0xEF, 0xB4, 0x02, 0x07, 0x90, 0x7F, 0x98,
    0xE0, 0x54, 0xBF, 0xF0, 0x22, 0x90, 0x7F, 0xEA, 0xE0, 0x02, 0x5F, 0x17, 0xFA, 0x90, 0x26, 0x92,
    0xF0, 0xD3, 0x22, 0xE5, 0x27, 0x45, 0x26, 0x45, 0x25, 0x60, 0x07, 0xAA, 0x26, 0xA9, 0x27, 0x12,
    0x02, 0xE4, 0xE5, 0x2F, 0x45, 0x2E, 0x45, 0x2D, 0x60, 0x07, 0xAA, 0x2E, 0xA9, 0x2F, 0x12, 0x02,
    0xE4, 0x22, 0xEF, 0x70, 0x17, 0xED, 0x70, 0x08, 0x90, 0x7F, 0x97, 0xE0, 0x54, 0xFD, 0xF0, 0x22,
    0xED, 0xB4, 0x01, 0x0B, 0x90, 0x7F, 0x97, 0xE0, 0x44, 0x02, 0xF0, 0x22, 0x12, 0x0C, 0x40, 0x22,
    0x90, 0x26, 0x7C, 0xEE, 0xF0, 0xA3, 0xEF, 0xF0, 0x90, 0x26, 0x7C, 0x74, 0xFF, 0xF5, 0xF0, 0x12,
    0x00, 0xDE, 0x45, 0xF0, 0x60, 0x05, 0x12, 0x19, 0x91, 0x80, 0xED, 0x22, 0xEF, 0xC4, 0x54, 0xF0,
    0x42, 0x89, 0xAF, 0x05, 0xEF, 0xC4, 0x54, 0xF0, 0x42, 0x8E, 0x90, 0x26, 0x83, 0xE0, 0xF5, 0x8B,
    0xAF, 0x03, 0x8F, 0x8D, 0xD2, 0x8E, 0x22, 0xEF, 0x42, 0x89, 0xAF, 0x05, 0xEF, 0x33, 0x33, 0x33,
    0x54, 0xF8, 0x42, 0x8E, 0x90, 0x26, 0x96, 0xE0, 0xF5, 0x8A, 0xAF, 0x03, 0x8F, 0x8C, 0xD2, 0x8C,
    0x22, 0xE4, 0xF5, 0x88, 0xF5, 0x8A, 0xF5, 0x8C, 0xF5, 0x8B, 0xF5, 0x8D, 0x53, 0x8E, 0x03, 0xF5,
    0xC8, 0xF5, 0xCC, 0xF5, 0xCD, 0xF5, 0xCA, 0xF5, 0xCB, 0x22, 0xC0, 0xE0, 0xC0, 0x83, 0xC0, 0x82,
    0x90, 0x26, 0x8F, 0xE4, 0xF0, 0x12, 0x15, 0xC3, 0x74, 0x02, 0xF0, 0xD0, 0x82, 0xD0, 0x83, 0xD0,
    0xE0, 0x32, 0xC2, 0x04, 0xE5, 0x1A, 0xB4, 0x02, 0x02, 0xD2, 0x04, 0x53, 0x98, 0x3F, 0xE5, 0x1A,
    0x70, 0x04, 0x43, 0x98, 0x40, 0x22, 0x43, 0x98, 0xC0, 0x22, 0xC2, 0x05, 0xE5, 0x1B, 0xB4, 0x02,
    0x02, 0xD2, 0x05, 0x53, 0xC0, 0x3F, 0xE5, 0x1B, 0x70, 0x04, 0x43, 0xC0, 0x40, 0x22, 0x43, 0xC0,
    0xC0, 0x22, 0xC0, 0xE0, 0xC0, 0x83, 0xC0, 0x82, 0x75, 0x3B, 0x00, 0x12, 0x15, 0xC3, 0x74, 0x04,
    0xF0, 0xD0, 0x82, 0xD0, 0x83, 0xD0, 0xE0, 0x32, 0xC0, 0xE0, 0xC0, 0x83, 0xC0, 0x82, 0x75, 0x46,
    0x00, 0x12, 0x15, 0xC3, 0x74, 0x08, 0xF0, 0xD0, 0x82, 0xD0, 0x83, 0xD0, 0xE0, 0x32, 0xC0, 0xE0,
    0xC0, 0x83, 0xC0, 0x82, 0xD2, 0x0D, 0x12, 0x15, 0xA5, 0x74, 0x08, 0xF0, 0xD0, 0x82, 0xD0, 0x83,
    0xD0, 0xE0, 0x32, 0xEF, 0x54, 0x07, 0xC4, 0x33, 0x54, 0xE0, 0xFD, 0x90, 0x7F, 0x97, 0xE0, 0x54,
    0x1F, 0xF0, 0xE0, 0xAE, 0x05, 0x4E, 0xF0, 0x22, 0x90, 0x7F, 0x9B, 0xE0, 0x90, 0x7F, 0x98, 0x20,
    0xE7, 0x05, 0xE0, 0x54, 0xBF, 0xF0, 0x22, 0xE0, 0x44, 0x40, 0xF0, 0x22, 0xC0, 0xE0, 0xC0, 0x83,
    0xC0, 0x82, 0x12, 0x15, 0xA5, 0x74, 0x04, 0xF0, 0xD0, 0x82, 0xD0, 0x83, 0xD0, 0xE0, 0x32, 0xC0,
    0xE0, 0xC0, 0x83, 0xC0, 0x82, 0x12, 0x15, 0xA5, 0x74, 0x02, 0xF0, 0xD0, 0x82, 0xD0, 0x83, 0xD0,
    0xE0, 0x32, 0x7B, 0x01, 0x7A, 0x26, 0x79, 0x85, 0x12, 0x0D, 0xF0, 0x92, 0x0E, 0x30, 0x0E, 0x03,
    0x12, 0x15, 0x48, 0x22, 0x74, 0x00, 0xF5, 0x86, 0x90, 0xFD, 0xA5, 0x7C, 0x05, 0xA3, 0xE5, 0x82,
    0x45, 0x83, 0x70, 0xF9, 0x22, 0xEF, 0x90, 0x7F, 0x04, 0x70, 0x04, 0xE5, 0x09, 0xF0, 0x22, 0xE5,
    0x0A, 0xF0, 0x22, 0xEF, 0x90, 0x7F, 0x04, 0x70, 0x04, 0xE5, 0x1A, 0xF0, 0x22, 0xE5, 0x1B, 0xF0,
    0x22, 0x90, 0x26, 0x7F, 0xEF, 0xF0, 0xED, 0x64, 0x01, 0x60, 0x03, 0x12, 0x0C, 0x40, 0x22, 0xEF,
    0x90, 0x7F, 0x04, 0x70, 0x04, 0xE5, 0x0B, 0xF0, 0x22, 0xE5, 0x0C, 0xF0, 0x22, 0xEF, 0x70, 0x07,
    0x90, 0x7F, 0x04, 0xE5, 0x10, 0xF0, 0x22, 0x12, 0x0C, 0x40, 0x22, 0x90, 0x26, 0x7F, 0xEF, 0xF0,
    0xED, 0x60, 0x03, 0x12, 0x0C, 0x40, 0x22, 0x78, 0x7F, 0xE4, 0xF6, 0xD8, 0xFD, 0x75, 0x81, 0x70,
    0x02, 0x06, 0x7A, 0x90, 0x7F, 0xEA, 0xE0, 0x90, 0x26, 0x90, 0xF0, 0xD3, 0x22, 0xAE, 0x05, 0x8E,
    0xCA, 0x8F, 0xCB, 0xD2, 0xCA, 0x22, 0x8B, 0x59, 0x8A, 0x5A, 0x89, 0x5B, 0xD2, 0xA9, 0x22, 0x8B,
    0x5C, 0x8A, 0x5D, 0x89, 0x5E, 0xD2, 0xAB, 0x22, 0x8B, 0x5F, 0x8A, 0x60, 0x89, 0x61, 0xD2, 0xAD,
    0x22, 0xC2, 0x10, 0xE4, 0xF5, 0x50, 0xD2, 0xE9, 0x22, 0x90, 0x26, 0x92, 0x12, 0x15, 0xAC, 0x22,
    0x90, 0x26, 0x90, 0x12, 0x15, 0xAC, 0x22, 0x8B, 0x14, 0x8A, 0x15, 0x89, 0x16, 0x22, 0x8B, 0x17,
    0x8A, 0x18, 0x89, 0x19, 0x22, 0x90, 0x7F, 0x04, 0xE5, 0x0F, 0xF0, 0x22, 0x80, 0x01, 0x7F, 0x92,
    0x00, 0x00, 0xE4, 0xF5, 0x0F, 0x75, 0x09, 0x02, 0x75, 0x0A, 0x02, 0x75, 0x0B, 0x01, 0x75, 0x0C,
    0x01, 0xF5, 0x1A, 0xF5, 0x1B, 0x12, 0x11, 0x56, 0x12, 0x11, 0xBF, 0x7F, 0xB8, 0x75, 0x31, 0x7F,
    0xFF, 0xFF, 0xFF, 0xFF, 0xFF, 0xFF, 0xFF, 0xFF, 0xFF, 0xFF, 0xFF, 0xFF, 0xFF, 0xFF, 0xFF, 0xFF,
    0xFF, 0xFF, 0xFF, 0xFF, 0xFF, 0xFF, 0xFF, 0xFF, 0xFF, 0xFF, 0xFF, 0xFF, 0xFF, 0xFF, 0xFF, 0xFF,
    0xFF, 0xFF, 0xFF, 0xFF, 0xFF, 0xFF, 0xFF, 0xFF, 0xFF, 0xFF, 0xFF, 0xFF, 0xFF, 0xFF, 0xFF, 0xFF,
    0xFF, 0xFF, 0xFF, 0xFF, 0xFF, 0xFF, 0xFF, 0xFF, 0xFF, 0xFF, 0xFF, 0xFF, 0xFF, 0xFF, 0xFF, 0xFF,
    0xFF, 0xFF, 0xFF, 0xFF, 0xFF, 0xFF, 0xFF, 0xFF, 0xFF, 0xFF, 0xFF, 0xFF, 0xFF, 0xFF, 0xFF, 0xFF,
    0xFF, 0xFF, 0xFF, 0xFF, 0xFF, 0xFF, 0xFF, 0xFF, 0xFF, 0xFF, 0xFF, 0xFF, 0xFF, 0xFF, 0xFF, 0xFF,
    0xFF, 0xFF, 0xFF, 0xFF, 0xFF, 0xFF, 0xFF, 0xFF, 0xFF, 0xFF, 0xFF, 0xFF, 0xFF, 0xFF, 0xFF, 0xFF,
    0xFF, 0xFF, 0xFF, 0xFF, 0xFF, 0xFF, 0xFF, 0xFF, 0xFF, 0xFF, 0xFF, 0xFF, 0xFF, 0xFF, 0xFF, 0xFF,
    0xFF, 0xFF, 0xFF, 0xFF, 0xFF, 0xFF, 0xFF, 0xFF, 0xFF, 0xFF, 0xFF, 0xFF, 0xFF, 0xFF, 0xFF, 0xFF,
    0xFF, 0xFF, 0xFF, 0xFF, 0xFF, 0xFF, 0xFF, 0xFF, 0xFF, 0xFF, 0xFF, 0xFF, 0xFF, 0xFF, 0xFF, 0xFF,
    0xFF, 0xFF, 0xFF, 0xFF, 0xFF, 0xFF, 0xFF, 0xFF, 0xFF, 0xFF, 0xFF, 0xFF, 0xFF, 0xFF, 0xFF, 0xFF,
    0xFF, 0xFF, 0xFF, 0xFF, 0xFF, 0xFF, 0xFF, 0xFF, 0xFF, 0xFF, 0xFF, 0xFF, 0xFF, 0xFF, 0xFF, 0xFF,
    0xFF, 0xFF, 0xFF, 0xFF, 0xFF, 0xFF, 0xFF, 0xFF, 0xFF, 0xFF, 0xFF, 0xFF, 0xFF, 0xFF, 0xFF, 0xFF,
    0xFF, 0xFF, 0xFF, 0xFF, 0xFF, 0xFF, 0xFF, 0xFF, 0xFF, 0xFF, 0xFF, 0xFF, 0xFF, 0xFF, 0xFF, 0xFF,
    0xFF, 0xFF, 0xFF, 0xFF, 0xFF, 0xFF, 0xFF, 0xFF, 0xFF, 0xFF, 0xFF, 0xFF, 0xFF, 0xFF, 0xFF, 0xFF,
    0xFF, 0xFF, 0xFF, 0xFF, 0xFF, 0xFF, 0xFF, 0xFF, 0xFF, 0xFF, 0xFF, 0xFF, 0xFF, 0xFF, 0xFF, 0xFF,
    0xFF, 0xFF, 0xFF, 0xFF, 0xFF, 0xFF, 0xFF, 0xFF, 0xFF, 0xFF, 0xFF, 0xFF, 0xFF, 0xFF, 0xFF, 0xFF,
    0xFF, 0xFF, 0xFF, 0xFF, 0xFF, 0xFF, 0xFF, 0xFF, 0xFF, 0xFF, 0xFF, 0xFF, 0xFF, 0xFF, 0xFF, 0xFF,
    0xFF, 0xFF, 0xFF, 0xFF, 0xFF, 0xFF, 0xFF, 0xFF, 0xFF, 0xFF, 0xFF, 0xFF, 0xFF, 0xFF, 0xFF, 0xFF,
    0xFF, 0xFF, 0xFF, 0xFF, 0xFF, 0xFF, 0xFF, 0xFF, 0xFF, 0xFF, 0xFF, 0xFF, 0xFF, 0xFF, 0xFF, 0xFF,
    0xFF, 0xFF, 0xFF, 0xFF, 0xFF, 0xFF, 0xFF, 0xFF, 0xFF, 0xFF, 0xFF, 0xFF, 0xFF, 0xFF, 0xFF, 0xFF,
    0xFF, 0xFF, 0xFF, 0xFF, 0xFF, 0xFF, 0xFF, 0xFF, 0xFF, 0xFF, 0xFF, 0xFF, 0xFF, 0xFF, 0xFF, 0xFF,
    0xFF, 0xFF, 0xFF, 0xFF, 0xFF, 0xFF, 0xFF, 0xFF, 0xFF, 0xFF, 0xFF, 0xFF, 0xFF, 0xFF, 0xFF, 0xFF,
    0xFF, 0xFF, 0xFF, 0xFF, 0xFF, 0xFF, 0xFF, 0xFF, 0xFF, 0xFF, 0xFF, 0xFF, 0xFF, 0xFF, 0xFF, 0xFF,
    0xFF, 0xFF, 0xFF, 0xFF, 0xFF, 0xFF, 0xFF, 0xFF, 0xFF, 0xFF, 0xFF, 0xFF, 0xFF, 0xFF, 0xFF, 0xFF,
    0xFF, 0xFF, 0xFF, 0xFF, 0xFF, 0xFF, 0xFF, 0xFF, 0xFF, 0xFF, 0xFF, 0xFF, 0xFF, 0xFF, 0xFF, 0xFF,
    0xFF, 0xFF, 0xFF, 0xFF, 0xFF, 0xFF, 0xFF, 0xFF, 0xFF, 0xFF, 0xFF, 0xFF, 0xFF, 0xFF, 0xFF, 0xFF,
    0xFF, 0xFF, 0xFF, 0xFF, 0xFF, 0xFF, 0xFF, 0xFF, 0xFF, 0xFF, 0xFF, 0xFF, 0xFF, 0xFF, 0xFF, 0xFF,
    0xFF, 0xFF, 0xFF, 0xFF, 0xFF, 0xFF, 0xFF, 0xFF, 0xFF, 0xFF, 0xFF, 0xFF, 0xFF, 0xFF, 0xFF, 0xFF,
    0xFF, 0xFF, 0xFF, 0xFF, 0xFF, 0xFF, 0xFF, 0xFF, 0xFF, 0xFF, 0xFF, 0xFF, 0xFF, 0xFF, 0xFF, 0xFF,
    0xFF, 0xFF, 0xFF, 0xFF, 0xFF, 0xFF, 0xFF, 0xFF, 0xFF, 0xFF, 0xFF, 0xFF, 0xFF, 0xFF, 0xFF, 0xFF,
    0xFF, 0xFF, 0xFF, 0xFF, 0xFF, 0xFF, 0xFF, 0xFF, 0xFF, 0xFF, 0xFF, 0xFF, 0xFF, 0xFF, 0xFF, 0xFF,
    0xFF, 0xFF, 0xFF, 0xFF, 0xFF, 0xFF, 0xFF, 0xFF, 0xFF, 0xFF, 0xFF, 0xFF, 0xFF, 0xFF, 0xFF, 0xFF,
    0xFF, 0xFF, 0xFF, 0xFF, 0xFF, 0xFF, 0xFF, 0xFF, 0xFF, 0xFF, 0xFF, 0xFF, 0xFF, 0xFF, 0xFF, 0xFF,
    0xFF, 0xFF, 0xFF, 0xFF, 0xFF, 0xFF, 0xFF, 0xFF, 0xFF, 0xFF, 0xFF, 0xFF, 0xFF, 0xFF, 0xFF, 0xFF,
    0xFF, 0xFF, 0xFF, 0xFF, 0xFF, 0xFF, 0xFF, 0xFF, 0xFF, 0xFF, 0xFF, 0xFF, 0xFF, 0xFF, 0xFF, 0xFF,
    0xFF, 0xFF, 0xFF, 0xFF, 0xFF, 0xFF, 0xFF, 0xFF, 0xFF, 0xFF, 0xFF, 0xFF, 0xFF, 0xFF, 0xFF, 0xFF,
    0xFF, 0xFF, 0xFF, 0xFF, 0xFF, 0xFF, 0xFF, 0xFF, 0xFF, 0xFF, 0xFF, 0xFF, 0xFF, 0xFF, 0xFF, 0xFF,
    0xFF, 0xFF, 0xFF, 0xFF, 0xFF, 0xFF, 0xFF, 0xFF, 0xFF, 0xFF, 0xFF, 0xFF, 0xFF, 0xFF, 0xFF, 0xFF,
    0xFF, 0xFF, 0xFF, 0xFF, 0xFF, 0xFF, 0xFF, 0xFF, 0xFF, 0xFF, 0xFF, 0xFF, 0xFF, 0xFF, 0xFF, 0xFF,
    0xFF, 0xFF, 0xFF, 0xFF, 0xFF, 0xFF, 0xFF, 0xFF, 0xFF, 0xFF, 0xFF, 0xFF, 0xFF, 0xFF, 0xFF, 0xFF,
    0xFF, 0xFF, 0xFF, 0xFF, 0xFF, 0xFF, 0xFF, 0xFF, 0xFF, 0xFF, 0xFF, 0xFF, 0xFF, 0xFF, 0xFF, 0xFF,
    0xFF, 0xFF, 0xFF, 0xFF, 0xFF, 0xFF, 0xFF, 0xFF, 0xFF, 0xFF, 0xFF, 0xFF, 0xFF, 0xFF, 0xFF, 0xFF,
    0xFF, 0xFF, 0xFF, 0xFF, 0xFF, 0xFF, 0xFF, 0xFF, 0xFF, 0xFF, 0xFF, 0xFF, 0xFF, 0xFF, 0xFF, 0xFF,
    0xFF, 0xFF, 0xFF, 0xFF, 0xFF, 0xFF, 0xFF, 0xFF, 0xFF, 0xFF, 0xFF, 0xFF, 0xFF, 0xFF, 0xFF, 0xFF,
    0xFF, 0xFF, 0xFF, 0xFF, 0xFF, 0xFF, 0xFF, 0xFF, 0xFF, 0xFF, 0xFF, 0xFF, 0xFF, 0xFF, 0xFF, 0xFF,
    0xFF, 0xFF, 0xFF, 0xFF, 0xFF, 0xFF, 0xFF, 0xFF, 0xFF, 0xFF, 0xFF, 0xFF, 0xFF, 0xFF, 0xFF, 0xFF,
    0xFF, 0xFF, 0xFF, 0xFF, 0xFF, 0xFF, 0xFF, 0xFF, 0xFF, 0xFF, 0xFF, 0xFF, 0xFF, 0xFF, 0xFF, 0xFF,
    0xFF, 0xFF, 0xFF, 0xFF, 0xFF, 0xFF, 0xFF, 0xFF, 0xFF, 0xFF, 0xFF, 0xFF, 0xFF, 0xFF, 0xFF, 0xFF,
    0xFF, 0xFF, 0xFF, 0xFF, 0xFF, 0xFF, 0xFF, 0xFF, 0xFF, 0xFF, 0xFF, 0xFF, 0xFF, 0xFF, 0xFF, 0xFF,
    0xFF, 0xFF, 0xFF, 0xFF, 0xFF, 0xFF, 0xFF, 0xFF, 0xFF, 0xFF, 0xFF, 0xFF, 0xFF, 0xFF, 0xFF, 0xFF,
    0xFF, 0xFF, 0xFF, 0xFF, 0xFF, 0xFF, 0xFF, 0xFF, 0xFF, 0xFF, 0xFF, 0xFF, 0xFF, 0xFF, 0xFF, 0xFF,
    0xFF, 0xFF, 0xFF, 0xFF, 0xFF, 0xFF, 0xFF, 0xFF, 0xFF, 0xFF, 0xFF, 0xFF, 0xFF, 0xFF, 0xFF, 0xFF,
    0xFF, 0xFF, 0xFF, 0xFF, 0xFF, 0xFF, 0xFF, 0xFF, 0xFF, 0xFF, 0xFF, 0xFF, 0xFF, 0xFF, 0xFF, 0xFF,
    0xFF, 0xFF, 0xFF, 0xFF, 0xFF, 0xFF, 0xFF, 0xFF, 0xFF, 0xFF, 0xFF, 0xFF, 0xFF, 0xFF, 0xFF, 0xFF,
    0xFF, 0xFF, 0xFF, 0xFF, 0xFF, 0xFF, 0xFF, 0xFF, 0xFF, 0xFF, 0xFF, 0xFF, 0xFF, 0xFF, 0xFF, 0xFF,
    0xFF, 0xFF, 0xFF, 0xFF, 0xFF, 0xFF, 0xFF, 0xFF, 0xFF, 0xFF, 0xFF, 0xFF, 0xFF, 0xFF, 0xFF, 0xFF,
    0xFF, 0xFF, 0xFF, 0xFF, 0xFF, 0xFF, 0xFF, 0xFF, 0xFF, 0xFF, 0xFF, 0xFF, 0xFF, 0xFF, 0xFF, 0xFF,
    0xFF, 0xFF, 0xFF, 0xFF, 0xFF, 0xFF, 0xFF, 0xFF, 0xFF, 0xFF, 0xFF, 0xFF, 0xFF, 0xFF, 0xFF, 0xFF,
    0xFF, 0xFF, 0xFF, 0xFF, 0xFF, 0xFF, 0xFF, 0xFF, 0xFF, 0xFF, 0xFF, 0xFF, 0xFF, 0xFF, 0xFF, 0xFF,
    0xFF, 0xFF, 0xFF, 0xFF, 0xFF, 0xFF, 0xFF, 0xFF, 0xFF, 0xFF, 0xFF, 0xFF, 0xFF, 0xFF, 0xFF, 0xFF,
    0xFF, 0xFF, 0xFF, 0xFF, 0xFF, 0xFF, 0xFF, 0xFF, 0xFF, 0xFF, 0xFF, 0xFF, 0xFF, 0xFF, 0xFF, 0xFF,
    0xFF, 0xFF, 0xFF, 0xFF, 0xFF, 0xFF, 0xFF, 0xFF, 0xFF, 0xFF, 0xFF, 0xFF, 0xFF, 0xFF, 0xFF, 0xFF,
    0xFF, 0xFF, 0xFF, 0xFF, 0xFF, 0xFF, 0xFF, 0xFF, 0xFF, 0xFF, 0xFF, 0xFF, 0xFF, 0xFF, 0xFF, 0xFF,
    0xFF, 0xFF, 0xFF, 0xFF, 0xFF, 0xFF, 0xFF, 0xFF, 0xFF, 0xFF, 0xFF, 0xFF, 0xFF, 0xFF, 0xFF, 0xFF,
    0xFF, 0xFF, 0xFF, 0xFF, 0xFF, 0xFF, 0xFF, 0xFF, 0xFF, 0xFF, 0xFF, 0xFF, 0xFF, 0xFF, 0xFF, 0xFF,
    0xFF, 0xFF, 0xFF, 0xFF, 0xFF, 0xFF, 0xFF, 0xFF, 0xFF, 0xFF, 0xFF, 0xFF, 0xFF, 0xFF, 0xFF, 0xFF,
    0xFF, 0xFF, 0xFF, 0xFF, 0xFF, 0xFF, 0xFF, 0xFF, 0xFF, 0xFF, 0xFF, 0xFF, 0xFF, 0xFF, 0xFF, 0xFF,
    0xFF, 0xFF, 0xFF, 0xFF, 0xFF, 0xFF, 0xFF, 0xFF, 0xFF, 0xFF, 0xFF, 0xFF, 0xFF, 0xFF, 0xFF, 0xFF,
    0xFF, 0xFF, 0xFF, 0xFF, 0xFF, 0xFF, 0xFF, 0xFF, 0xFF, 0xFF, 0xFF, 0xFF, 0xFF, 0xFF, 0xFF, 0xFF,
    0xFF, 0xFF, 0xFF, 0xFF, 0xFF, 0xFF, 0xFF, 0xFF, 0xFF, 0xFF, 0xFF, 0xFF, 0xFF, 0xFF, 0xFF, 0xFF,
    0xFF, 0xFF, 0xFF, 0xFF, 0xFF, 0xFF, 0xFF, 0xFF, 0xFF, 0xFF, 0xFF, 0xFF, 0xFF, 0xFF, 0xFF, 0xFF,
    0xFF, 0xFF, 0xFF, 0xFF, 0xFF, 0xFF, 0xFF, 0xFF, 0xFF, 0xFF, 0xFF, 0xFF, 0xFF, 0xFF, 0xFF, 0xFF,
    0xFF, 0xFF, 0xFF, 0xFF, 0xFF, 0xFF, 0xFF, 0xFF, 0xFF, 0xFF, 0xFF, 0xFF, 0xFF, 0xFF, 0xFF, 0xFF,
    0xFF, 0xFF, 0xFF, 0xFF, 0xFF, 0xFF, 0xFF, 0xFF, 0xFF, 0xFF, 0xFF, 0xFF, 0xFF, 0xFF, 0xFF, 0xFF,
    0xFF, 0xFF, 0xFF, 0xFF, 0xFF, 0xFF, 0xFF, 0xFF, 0xFF, 0xFF, 0xFF, 0xFF, 0xFF, 0xFF, 0xFF, 0xFF,
    0xFF, 0xFF, 0xFF, 0xFF, 0xFF, 0xFF, 0xFF, 0xFF, 0xFF, 0xFF, 0xFF, 0xFF, 0xFF, 0xFF, 0xFF, 0xFF,
    0xFF, 0xFF, 0xFF, 0xFF, 0xFF, 0xFF, 0xFF, 0xFF, 0xFF, 0xFF, 0xFF, 0xFF, 0xFF, 0xFF, 0xFF, 0xFF,
    0xFF, 0xFF, 0xFF, 0xFF, 0xFF, 0xFF, 0xFF, 0xFF, 0xFF, 0xFF, 0xFF, 0xFF, 0xFF, 0xFF, 0xFF, 0xFF,
    0xFF, 0xFF, 0xFF, 0xFF, 0xFF, 0xFF, 0xFF, 0xFF, 0xFF, 0xFF, 0xFF, 0xFF, 0xFF, 0xFF, 0xFF, 0xFF,
    0xFF, 0xFF, 0xFF, 0xFF, 0xFF, 0xFF, 0xFF, 0xFF, 0xFF, 0xFF, 0xFF, 0xFF, 0xFF, 0xFF, 0xFF, 0xFF,
    0xFF, 0xFF, 0xFF, 0xFF, 0xFF, 0xFF, 0xFF, 0xFF, 0xFF, 0xFF, 0xFF, 0xFF, 0xFF, 0xFF, 0xFF, 0xFF,
    0xFF, 0xFF, 0xFF, 0xFF, 0xFF, 0xFF, 0xFF, 0xFF, 0xFF, 0xFF, 0xFF, 0xFF, 0xFF, 0xFF, 0xFF, 0xFF,
    0xFF, 0xFF, 0xFF, 0xFF, 0xFF, 0xFF, 0xFF, 0xFF, 0xFF, 0xFF, 0xFF, 0xFF, 0xFF, 0xFF, 0xFF, 0xFF,
    0xFF, 0xFF, 0xFF, 0xFF, 0xFF, 0xFF, 0xFF, 0xFF, 0xFF, 0xFF, 0xFF, 0xFF, 0xFF, 0xFF, 0xFF, 0xFF,
    0xFF, 0xFF, 0xFF, 0xFF, 0xFF, 0xFF, 0xFF, 0xFF, 0xFF, 0xFF, 0xFF, 0xFF, 0xFF, 0xFF, 0xFF, 0xFF,
};

/* hotd3_ic11_24lc024: 128 bytes from ic11_24lc024.bin */
static const uint8_t hotd3_ic11_24lc024[128] = {
    0x41, 0x43, 0x42, 0x55, 0x30, 0x30, 0x30, 0x31, 0x0D, 0x00, 0xC1, 0x01, 0x01, 0x01, 0x00, 0x00,
    0x00, 0x00, 0x02, 0x13, 0x53, 0x42, 0x4A, 0x45, 0x00, 0x00, 0x00, 0x00, 0x63, 0x09, 0x04, 0x00,
    0x00, 0x00, 0x0A, 0x01, 0x01, 0x01, 0x00, 0x01, 0x01, 0x01, 0x01, 0x01, 0x01, 0x01, 0x01, 0x01,
    0x00, 0x00, 0x00, 0x00, 0x00, 0x00, 0x00, 0x00, 0x00, 0x00, 0x00, 0x00, 0x00, 0x00, 0x00, 0x00,
    0x41, 0x43, 0x42, 0x55, 0x30, 0x30, 0x30, 0x31, 0x0D, 0x00, 0xC1, 0x01, 0x01, 0x01, 0x00, 0x00,
    0x00, 0x00, 0x02, 0x13, 0x53, 0x42, 0x4A, 0x45, 0x00, 0x00, 0x00, 0x00, 0x63, 0x09, 0x04, 0x00,
    0x00, 0x00, 0x0A, 0x01, 0x01, 0x01, 0x00, 0x01, 0x01, 0x01, 0x01, 0x01, 0x01, 0x01, 0x01, 0x01,
    0x00, 0x00, 0x00, 0x00, 0x00, 0x00, 0x00, 0x00, 0x00, 0x00, 0x00, 0x00, 0x00, 0x00, 0x00, 0x00,
};

#endif /* CHIHIRO_FIRMWARE_H */
